path,basename,validation,font_name,font_family,font_full_name,font_postscript_name
/System/Library/Fonts/AquaKana.ttc,AquaKana.ttc,Valid,.Aqua Kana,.Aqua Kana,.Aqua Kana,AquaKana
/System/Library/Fonts/CJKSymbolsFallback.ttc,CJKSymbolsFallback.ttc,Valid,.CJK Symbols Fallback HK,.CJK Symbols Fallback HK,.CJK Symbols Fallback HK,.CJKSymbolsFallbackHK-Regular
/System/Library/Fonts/DecoTypeNastaleeqUrdu.ttc,DecoTypeNastaleeqUrdu.ttc,Valid,.DecoType Nastaleeq Urdu UI,.DecoType Nastaleeq Urdu UI,.DecoType Nastaleeq Urdu UI,.DecoTypeNastaleeqUrduUI-Regular
/System/Library/Fonts/Keyboard.ttf,Keyboard.ttf,Valid,.Keyboard,.Keyboard,.Keyboard,.Keyboard
/System/Library/Fonts/LastResort.otf,LastResort.otf,Valid,.LastResort,.LastResort,.LastResort,LastResort
/System/Library/Fonts/NewYork.ttf,NewYork.ttf,Valid,.New York,.New York,.New York,.NewYork-Regular
/System/Library/Fonts/NewYorkItalic.ttf,NewYorkItalic.ttf,Valid,.New York Italic,.New York,.New York Italic,.NewYork-RegularItalic
/System/Library/PrivateFrameworks/FontServices.framework/Resources/Reserved/PingFangUI.ttc,PingFangUI.ttc,Valid,.PingFang UI Text SC,.PingFang UI SC,.PingFang UI Text SC,.PingFangUITextSC-Default
/System/Library/Fonts/SFArabic.ttf,SFArabic.ttf,Valid,.SF Arabic,.SF Arabic,.SF Arabic,.SFArabic-Regular
/System/Library/Fonts/SFArabicRounded.ttf,SFArabicRounded.ttf,Valid,.SF Arabic Rounded,.SF Arabic Rounded,.SF Arabic Rounded,.SFArabicRounded-Regular
/System/Library/Fonts/SFArmenian.ttf,SFArmenian.ttf,Valid,.SF Armenian,.SF Armenian,.SF Armenian,.SFArmenian-Regular
/System/Library/Fonts/SFArmenianRounded.ttf,SFArmenianRounded.ttf,Valid,.SF Armenian Rounded,.SF Armenian Rounded,.SF Armenian Rounded,.SFArmenianRounded-Regular
/System/Library/Fonts/SFIndia.ttc,SFIndia.ttc,Valid,.SF Bangla Regular,.SF Bangla,.SF Bangla Regular,.SFBangla-Regular
/System/Library/Fonts/SFCamera.ttf,SFCamera.ttf,Valid,.SF Camera,.SF Camera,.SF Camera,..SFCamera-Regular
/System/Library/Fonts/SFCompactItalic.ttf,SFCompactItalic.ttf,Valid,.SF Compact,.SF Compact,.SF Compact,.SFCompact-BlackItalic
/System/Library/Fonts/SFCompact.ttf,SFCompact.ttf,Valid,.SF Compact,.SF Compact,.SF Compact,.SFCompact-Black
/System/Library/Fonts/SFCompactRounded.ttf,SFCompactRounded.ttf,Valid,.SF Compact Rounded,.SF Compact Rounded,.SF Compact Rounded,..SFCompactRounded-Regular
/System/Library/Fonts/SFGeorgian.ttf,SFGeorgian.ttf,Valid,.SF Georgian,.SF Georgian,.SF Georgian,.SFGeorgian-Regular
/System/Library/Fonts/SFGeorgianRounded.ttf,SFGeorgianRounded.ttf,Valid,.SF Georgian Rounded,.SF Georgian Rounded,.SF Georgian Rounded,.SFGeorgianRounded-Regular
/System/Library/Fonts/SFHebrew.ttf,SFHebrew.ttf,Valid,.SF Hebrew,.SF Hebrew,.SF Hebrew,.SFHebrew-Regular
/System/Library/Fonts/SFHebrewRounded.ttf,SFHebrewRounded.ttf,Valid,.SF Hebrew Rounded,.SF Hebrew Rounded,.SF Hebrew Rounded,.SFHebrewRounded-Regular
/System/Library/Fonts/SFNSMono.ttf,SFNSMono.ttf,Valid,.SF NS Mono Light,.SF NS Mono,.SF NS Mono Light,.SFNSMono-Light
/System/Library/Fonts/SFNSMonoItalic.ttf,SFNSMonoItalic.ttf,Valid,.SF NS Mono Light Italic,.SF NS Mono,.SF NS Mono Light Italic,.SFNSMono-LightItalic
/System/Library/Fonts/SFNSRounded.ttf,SFNSRounded.ttf,Valid,.SF NS Rounded,.SF NS Rounded,.SF NS Rounded,.SFNSRounded-Regular
/System/Library/Fonts/ADTNumeric.ttc,ADTNumeric.ttc,Valid,.SF Numeric,.SF Numeric,.SF Numeric,.SFNumeric-Regular
/System/Library/Fonts/ThonburiUI.ttc,ThonburiUI.ttc,Valid,.ThonburiUI Regular,.ThonburiUI,.ThonburiUI Regular,.ThonburiUI-Regular
/Users/xiangyucheng/Library/Fonts/No.24-ShangShouRuanTangTi-2.ttf,No.24-ShangShouRuanTangTi-2.ttf,Valid,024-SSRuanTangTi,024-SSRuanTangTi,024-SSRuanTangTi,024-SSRuanTangTi
/Users/xiangyucheng/Library/Fonts/AkazukiPOP.otf,AkazukiPOP.otf,Valid,07AkazukinPop Heavy,07AkazukinPop Heavy,07AkazukinPop Heavy,07AkazukinPop
/Users/xiangyucheng/Library/Fonts/851CHIKARA-DZUYOKU.ttf,851CHIKARA-DZUYOKU.ttf,Valid,851CHIKARA-DZUYOKU,851CHIKARA-DZUYOKU,851CHIKARA-DZUYOKU,851CHIKARA-DZUYOKU
/Users/xiangyucheng/Library/Fonts/AaShuiYuYuanTi-2.ttf,AaShuiYuYuanTi-2.ttf,Valid,AaSYYT,AaSYYT,AaSYYT,AaSYYT
/Users/xiangyucheng/Library/Fonts/AaShuYunSong-2.ttf,AaShuYunSong-2.ttf,Valid,AaShuYunSong,AaShuYunSong,AaShuYunSong,AaShuYunSong
/Users/xiangyucheng/Library/Fonts/20f8a38e287a6f357fa1a5ede9b7fc1f.ttf,20f8a38e287a6f357fa1a5ede9b7fc1f.ttf,Valid,Aa牡丹亭毛笔行书,Aa牡丹亭毛笔行书,Aa牡丹亭毛笔行书,AaMDTMBXS
/System/Library/Fonts/Supplemental/Academy Engraved LET Fonts.ttf,Academy Engraved LET Fonts.ttf,Valid,Academy Engraved LET Plain:1.0,Academy Engraved LET,Academy Engraved LET Plain:1.0,AcademyEngravedLetPlain
/System/Library/Fonts/Supplemental/AlBayan.ttc,AlBayan.ttc,Valid,Al Bayan Plain,Al Bayan,Al Bayan Plain,AlBayan
/System/Library/Fonts/Supplemental/Al Nile.ttc,Al Nile.ttc,Valid,Al Nile,Al Nile,Al Nile,AlNile
/System/Library/Fonts/Supplemental/Al Tarikh.ttc,Al Tarikh.ttc,Valid,Al Tarikh Regular,Al Tarikh,Al Tarikh Regular,AlTarikh
/System/Library/Fonts/Supplemental/AmericanTypewriter.ttc,AmericanTypewriter.ttc,Valid,American Typewriter,American Typewriter,American Typewriter,AmericanTypewriter
/System/Library/Fonts/Supplemental/Andale Mono.ttf,Andale Mono.ttf,Valid,Andale Mono,Andale Mono,Andale Mono,AndaleMono
/System/Library/Fonts/Apple Braille.ttf,Apple Braille.ttf,Valid,Apple Braille,Apple Braille,Apple Braille,AppleBraille
/System/Library/Fonts/Apple Braille Outline 6 Dot.ttf,Apple Braille Outline 6 Dot.ttf,Valid,Apple Braille Outline 6 Dot,Apple Braille,Apple Braille Outline 6 Dot,AppleBraille-Outline6Dot
/System/Library/Fonts/Apple Braille Outline 8 Dot.ttf,Apple Braille Outline 8 Dot.ttf,Valid,Apple Braille Outline 8 Dot,Apple Braille,Apple Braille Outline 8 Dot,AppleBraille-Outline8Dot
/System/Library/Fonts/Apple Braille Pinpoint 6 Dot.ttf,Apple Braille Pinpoint 6 Dot.ttf,Valid,Apple Braille Pinpoint 6 Dot,Apple Braille,Apple Braille Pinpoint 6 Dot,AppleBraille-Pinpoint6Dot
/System/Library/Fonts/Apple Braille Pinpoint 8 Dot.ttf,Apple Braille Pinpoint 8 Dot.ttf,Valid,Apple Braille Pinpoint 8 Dot,Apple Braille,Apple Braille Pinpoint 8 Dot,AppleBraille-Pinpoint8Dot
/System/Library/Fonts/Supplemental/Apple Chancery.ttf,Apple Chancery.ttf,Valid,Apple Chancery,Apple Chancery,Apple Chancery,Apple-Chancery
/System/Library/Fonts/Apple Color Emoji.ttc,Apple Color Emoji.ttc,Valid,Apple Color Emoji,Apple Color Emoji,Apple Color Emoji,AppleColorEmoji
/System/Library/AssetsV2/com_apple_MobileAsset_Font8/ecb0f9fe84d4cf732f739bbc2c6a8c29cfefd08e.asset/AssetData/AppleLiGothic-Medium.ttf,AppleLiGothic-Medium.ttf,Valid,Apple LiGothic Medium,Apple LiGothic,Apple LiGothic Medium,LiGothicMed
/System/Library/AssetsV2/com_apple_MobileAsset_Font8/b3a305e67bac3daadc55e9b976b534261c038509.asset/AssetData/AppleLiSung-Light.ttf,AppleLiSung-Light.ttf,Valid,Apple LiSung Light,Apple LiSung,Apple LiSung Light,LiSungLight
/System/Library/Fonts/AppleSDGothicNeo.ttc,AppleSDGothicNeo.ttc,Valid,Apple SD Gothic Neo Regular,Apple SD Gothic Neo,Apple SD Gothic Neo Regular,AppleSDGothicNeo-Regular
/System/Library/Fonts/Apple Symbols.ttf,Apple Symbols.ttf,Valid,Apple Symbols,Apple Symbols,Apple Symbols,AppleSymbols
/System/Library/Fonts/Supplemental/AppleGothic.ttf,AppleGothic.ttf,Valid,AppleGothic Regular,AppleGothic,AppleGothic Regular,AppleGothic
/System/Library/Fonts/Supplemental/AppleMyungjo.ttf,AppleMyungjo.ttf,Valid,AppleMyungjo Regular,AppleMyungjo,AppleMyungjo Regular,AppleMyungjo
/System/Library/Fonts/Supplemental/Arial.ttf,Arial.ttf,Valid,Arial,Arial,Arial,ArialMT
/System/Library/Fonts/Supplemental/Arial Black.ttf,Arial Black.ttf,Valid,Arial Black,Arial Black,Arial Black,Arial-Black
/System/Library/Fonts/Supplemental/Arial Bold.ttf,Arial Bold.ttf,Valid,Arial Bold,Arial,Arial Bold,Arial-BoldMT
/System/Library/Fonts/Supplemental/Arial Bold Italic.ttf,Arial Bold Italic.ttf,Valid,Arial Bold Italic,Arial,Arial Bold Italic,Arial-BoldItalicMT
/System/Library/Fonts/ArialHB.ttc,ArialHB.ttc,Valid,Arial Hebrew,Arial Hebrew,Arial Hebrew,ArialHebrew
/System/Library/Fonts/Supplemental/Arial Italic.ttf,Arial Italic.ttf,Valid,Arial Italic,Arial,Arial Italic,Arial-ItalicMT
/System/Library/Fonts/Supplemental/Arial Narrow.ttf,Arial Narrow.ttf,Valid,Arial Narrow,Arial Narrow,Arial Narrow,ArialNarrow
/System/Library/Fonts/Supplemental/Arial Narrow Bold.ttf,Arial Narrow Bold.ttf,Valid,Arial Narrow Bold,Arial Narrow,Arial Narrow Bold,ArialNarrow-Bold
/System/Library/Fonts/Supplemental/Arial Narrow Bold Italic.ttf,Arial Narrow Bold Italic.ttf,Valid,Arial Narrow Bold Italic,Arial Narrow,Arial Narrow Bold Italic,ArialNarrow-BoldItalic
/System/Library/Fonts/Supplemental/Arial Narrow Italic.ttf,Arial Narrow Italic.ttf,Valid,Arial Narrow Italic,Arial Narrow,Arial Narrow Italic,ArialNarrow-Italic
/System/Library/Fonts/Supplemental/Arial Rounded Bold.ttf,Arial Rounded Bold.ttf,Valid,Arial Rounded MT Bold,Arial Rounded MT Bold,Arial Rounded MT Bold,ArialRoundedMTBold
/Library/Fonts/Arial Unicode.ttf,Arial Unicode.ttf,Valid,Arial Unicode MS,Arial Unicode MS,Arial Unicode MS,ArialUnicodeMS
/System/Library/Fonts/Supplemental/Arial Unicode.ttf,Arial Unicode.ttf,Valid,Arial Unicode MS,Arial Unicode MS,Arial Unicode MS,ArialUnicodeMS
/Users/xiangyucheng/Library/Fonts/Arual.ttf,Arual.ttf,Valid,ArualLight,Arual,ArualLight,Arual
/System/Library/Fonts/Supplemental/Athelas.ttc,Athelas.ttc,Valid,Athelas Regular,Athelas,Athelas Regular,Athelas-Regular
/System/Library/Fonts/Avenir.ttc,Avenir.ttc,Valid,Avenir Book,Avenir Book,Avenir Book,Avenir-Book
/System/Library/Fonts/Avenir Next.ttc,Avenir Next.ttc,Valid,Avenir Next Bold,Avenir Next,Avenir Next Bold,AvenirNext-Bold
/System/Library/Fonts/Avenir Next Condensed.ttc,Avenir Next Condensed.ttc,Valid,Avenir Next Condensed Bold,Avenir Next Condensed,Avenir Next Condensed Bold,AvenirNextCondensed-Bold
/System/Library/Fonts/Supplemental/Ayuthaya.ttf,Ayuthaya.ttf,Valid,Ayuthaya,Ayuthaya,Ayuthaya,Ayuthaya
/System/Library/AssetsV2/com_apple_MobileAsset_Font8/42529d87b12845309dd4a57dea9e58446826e94c.asset/AssetData/BIZ_UDGothic.ttc,BIZ_UDGothic.ttc,Valid,BIZ UDGothic,BIZ UDGothic,BIZ UDGothic,BIZUDGothic-Regular
/System/Library/AssetsV2/com_apple_MobileAsset_Font8/0ebfdb7e5a2a1db668fa6209779e0725d6f6baba.asset/AssetData/BIZ_UDMincho-regular.ttf,BIZ_UDMincho-regular.ttf,Valid,BIZ UDMincho,BIZ UDMincho,BIZ UDMincho,BIZUDMincho-Regular
/System/Library/AssetsV2/com_apple_MobileAsset_Font8/6ca8b19114fa5b803af8c74eff3f7b75be41559a.asset/AssetData/BMDoHyeon-Regular.otf,BMDoHyeon-Regular.otf,Valid,BM DoHyeon OTF,BM DoHyeon OTF,BM DoHyeon OTF,BMDoHyeon-OTF
/System/Library/AssetsV2/com_apple_MobileAsset_Font8/22656331beb61633e057fa20aa73b3bd117707f9.asset/AssetData/BMHanna11yrs-Regular.otf,BMHanna11yrs-Regular.otf,Valid,BM HANNA 11yrs old OTF,BM HANNA 11yrs old OTF,BM HANNA 11yrs old OTF,BMHANNA11yrsoldOTF
/System/Library/AssetsV2/com_apple_MobileAsset_Font8/b7cb5af102eef622e55e701862272b80e89d2d5f.asset/AssetData/BMHannaAir-Regular.otf,BMHannaAir-Regular.otf,Valid,BM HANNA Air OTF,BM HANNA Air OTF,BM HANNA Air OTF,BMHANNAAirOTF
/System/Library/AssetsV2/com_apple_MobileAsset_Font8/3d0af21c67c597a49a25214ff4c70179baf6f3ca.asset/AssetData/BMHannaPro-Regular.otf,BMHannaPro-Regular.otf,Valid,BM HANNA Pro OTF,BM HANNA Pro OTF,BM HANNA Pro OTF,BMHANNAProOTF
/System/Library/AssetsV2/com_apple_MobileAsset_Font8/b37171b0cb7d2044e39dd8001c23a0e540f91207.asset/AssetData/BMJua-Regular.otf,BMJua-Regular.otf,Valid,BM JUA OTF,BM JUA OTF,BM JUA OTF,BMJUAOTF
/System/Library/AssetsV2/com_apple_MobileAsset_Font8/7a694995bfafc612fac18a23b283bdf239ef4f2c.asset/AssetData/BMKirangHaerang-Regular.otf,BMKirangHaerang-Regular.otf,Valid,BM KIRANGHAERANG OTF,BM KIRANGHAERANG OTF,BM KIRANGHAERANG OTF,BMKIRANGHAERANG-OTF
/System/Library/AssetsV2/com_apple_MobileAsset_Font8/a7a90316a83e0693b3d971d89b235ee578c59f0c.asset/AssetData/BMYeongSung-Regular.otf,BMYeongSung-Regular.otf,Valid,BM YEONSUNG OTF,BM YEONSUNG OTF,BM YEONSUNG OTF,BMYEONSUNG-OTF
/System/Library/Fonts/Supplemental/Baghdad.ttc,Baghdad.ttc,Valid,Baghdad Regular,Baghdad,Baghdad Regular,Baghdad
/System/Library/Fonts/Supplemental/Bangla MN.ttc,Bangla MN.ttc,Valid,Bangla MN,Bangla MN,Bangla MN,BanglaMN
/System/Library/Fonts/Supplemental/Bangla Sangam MN.ttc,Bangla Sangam MN.ttc,Valid,Bangla Sangam MN,Bangla Sangam MN,Bangla Sangam MN,BanglaSangamMN
/System/Library/AssetsV2/com_apple_MobileAsset_Font8/70875a1270987c17cfd6f40cd3d755ec04d03b33.asset/AssetData/Baoli.ttc,Baoli.ttc,Valid,Baoli SC Regular,Baoli SC,Baoli SC Regular,STBaoliSC-Regular
/System/Library/Fonts/Supplemental/Baskerville.ttc,Baskerville.ttc,Valid,Baskerville,Baskerville,Baskerville,Baskerville
/System/Library/Fonts/Supplemental/Beirut.ttc,Beirut.ttc,Valid,Beirut Regular,Beirut,Beirut Regular,Beirut
/System/Library/AssetsV2/com_apple_MobileAsset_Font8/5f4c23e4a0c7b70597730d79e252955e973ead7d.asset/AssetData/BiauKai.ttc,BiauKai.ttc,Valid,BiauKaiHK Regular,BiauKaiHK Regular,BiauKaiHK Regular,BiauKaiHK-Regular
/System/Library/Fonts/Supplemental/BigCaslon.ttf,BigCaslon.ttf,Valid,Big Caslon Medium,Big Caslon,Big Caslon Medium,BigCaslon-Medium
/System/Library/Fonts/Supplemental/Bodoni 72.ttc,Bodoni 72.ttc,Valid,Bodoni 72 Book,Bodoni 72,Bodoni 72 Book,BodoniSvtyTwoITCTT-Book
/System/Library/Fonts/Supplemental/Bodoni 72 OS.ttc,Bodoni 72 OS.ttc,Valid,Bodoni 72 Oldstyle Book,Bodoni 72 Oldstyle,Bodoni 72 Oldstyle Book,BodoniSvtyTwoOSITCTT-Book
/System/Library/Fonts/Supplemental/Bodoni 72 Smallcaps Book.ttf,Bodoni 72 Smallcaps Book.ttf,Valid,Bodoni 72 Smallcaps Book,Bodoni 72 Smallcaps,Bodoni 72 Smallcaps Book,BodoniSvtyTwoSCITCTT-Book
/System/Library/Fonts/Supplemental/Bodoni Ornaments.ttf,Bodoni Ornaments.ttf,Valid,Bodoni Ornaments,Bodoni Ornaments,Bodoni Ornaments,BodoniOrnamentsITCTT
/System/Library/Fonts/Supplemental/Bradley Hand Bold.ttf,Bradley Hand Bold.ttf,Valid,Bradley Hand Bold,Bradley Hand,Bradley Hand Bold,BradleyHandITCTT-Bold
/System/Library/Fonts/Supplemental/Brush Script.ttf,Brush Script.ttf,Valid,Brush Script MT Italic,Brush Script MT,Brush Script MT Italic,BrushScriptMT
/System/Library/Fonts/Supplemental/Chalkboard.ttc,Chalkboard.ttc,Valid,Chalkboard,Chalkboard,Chalkboard,Chalkboard
/System/Library/Fonts/Supplemental/ChalkboardSE.ttc,ChalkboardSE.ttc,Valid,Chalkboard SE Light,Chalkboard SE,Chalkboard SE Light,ChalkboardSE-Light
/System/Library/Fonts/Supplemental/Chalkduster.ttf,Chalkduster.ttf,Valid,Chalkduster,Chalkduster,Chalkduster,Chalkduster
/System/Library/Fonts/Supplemental/Charter.ttc,Charter.ttc,Valid,Charter Roman,Charter,Charter Roman,Charter-Roman
/System/Library/Fonts/Supplemental/Cochin.ttc,Cochin.ttc,Valid,Cochin,Cochin,Cochin,Cochin
/Users/xiangyucheng/Library/Fonts/Comfortaa-Bold.ttf,Comfortaa-Bold.ttf,Valid,Comfortaa Bold,Comfortaa,Comfortaa Bold,Comfortaa-Bold
/System/Library/Fonts/Supplemental/Comic Sans MS.ttf,Comic Sans MS.ttf,Valid,Comic Sans MS,Comic Sans MS,Comic Sans MS,ComicSansMS
/System/Library/Fonts/Supplemental/Comic Sans MS Bold.ttf,Comic Sans MS Bold.ttf,Valid,Comic Sans MS Bold,Comic Sans MS,Comic Sans MS Bold,ComicSansMS-Bold
/System/Library/Fonts/Supplemental/Copperplate.ttc,Copperplate.ttc,Valid,Copperplate,Copperplate,Copperplate,Copperplate
/Users/xiangyucheng/Library/Fonts/logotypejp_mp_b.ttf,logotypejp_mp_b.ttf,Valid,Corporate Logo Bold,Corporate Logo Bold,Corporate Logo Bold,Corporate-Logo-Bold
/Users/xiangyucheng/Library/Fonts/Corporate-Logo-Mar-2.ttf,Corporate-Logo-Mar-2.ttf,Valid,Corporate Logo Maru,Corporate Logo Maru,Corporate Logo Maru,Corporate-Logo-Maru
/System/Library/Fonts/Supplemental/Corsiva.ttc,Corsiva.ttc,Valid,Corsiva Hebrew,Corsiva Hebrew,Corsiva Hebrew,CorsivaHebrew
/System/Library/Fonts/Courier.ttc,Courier.ttc,Valid,Courier,Courier,Courier,Courier
/System/Library/Fonts/Supplemental/Courier New.ttf,Courier New.ttf,Valid,Courier New,Courier New,Courier New,CourierNewPSMT
/System/Library/Fonts/Supplemental/Courier New Bold.ttf,Courier New Bold.ttf,Valid,Courier New Bold,Courier New,Courier New Bold,CourierNewPS-BoldMT
/System/Library/Fonts/Supplemental/Courier New Bold Italic.ttf,Courier New Bold Italic.ttf,Valid,Courier New Bold Italic,Courier New,Courier New Bold Italic,CourierNewPS-BoldItalicMT
/System/Library/Fonts/Supplemental/Courier New Italic.ttf,Courier New Italic.ttf,Valid,Courier New Italic,Courier New,Courier New Italic,CourierNewPS-ItalicMT
/System/Library/Fonts/Supplemental/DIN Alternate Bold.ttf,DIN Alternate Bold.ttf,Valid,DIN Alternate Bold,DIN Alternate,DIN Alternate Bold,DINAlternate-Bold
/System/Library/Fonts/Supplemental/DIN Condensed Bold.ttf,DIN Condensed Bold.ttf,Valid,DIN Condensed Bold,DIN Condensed,DIN Condensed Bold,DINCondensed-Bold
/System/Library/Fonts/Supplemental/Damascus.ttc,Damascus.ttc,Valid,Damascus Regular,Damascus,Damascus Regular,Damascus
/System/Library/Fonts/Supplemental/DecoTypeNaskh.ttc,DecoTypeNaskh.ttc,Valid,DecoType Naskh Regular,DecoType Naskh,DecoType Naskh Regular,DecoTypeNaskh
/System/Library/Fonts/Supplemental/DevanagariMT.ttc,DevanagariMT.ttc,Valid,Devanagari MT,Devanagari MT,Devanagari MT,DevanagariMT
/System/Library/Fonts/Supplemental/Devanagari Sangam MN.ttc,Devanagari Sangam MN.ttc,Valid,Devanagari Sangam MN,Devanagari Sangam MN,Devanagari Sangam MN,DevanagariSangamMN
/System/Library/Fonts/Supplemental/Didot.ttc,Didot.ttc,Valid,Didot,Didot,Didot,Didot
/System/Library/Fonts/Supplemental/Diwan Kufi.ttc,Diwan Kufi.ttc,Valid,Diwan Kufi Regular,Diwan Kufi,Diwan Kufi Regular,DiwanKufi
/System/Library/Fonts/Supplemental/Diwan Thuluth.ttf,Diwan Thuluth.ttf,Valid,Diwan Thuluth Regular,Diwan Thuluth,Diwan Thuluth Regular,DiwanThuluth
/Users/xiangyucheng/Library/Fonts/electroharmonix.ttf,electroharmonix.ttf,Valid,Electroharmonix-Regular,Electroharmonix,Electroharmonix-Regular,Electroharmonix-Regular
/System/Library/Fonts/Supplemental/EuphemiaCAS.ttc,EuphemiaCAS.ttc,Valid,Euphemia UCAS,Euphemia UCAS,Euphemia UCAS,EuphemiaUCAS
/Users/xiangyucheng/Library/Fonts/fot-くろかね.otf,fot-くろかね.otf,Valid,FOT-Kurokane Std EB,FOT-Kurokane Std EB,FOT-Kurokane Std EB,KurokaneStd-EB
/Users/xiangyucheng/Library/Fonts/FZCCHK.TTF,FZCCHK.TTF,Valid,FZChaoCuHei-M10,FZChaoCuHei-M10,FZChaoCuHei-M10,FZCCHK--GBK1-0
/Users/xiangyucheng/Library/Fonts/FZCCHJW.TTF,FZCCHJW.TTF,Valid,FZChaoCuHei-M10S,FZChaoCuHei-M10S,FZChaoCuHei-M10S,FZCCHJW--GB1-0
/Users/xiangyucheng/Library/Fonts/FZCSJW.TTF,FZCSJW.TTF,Valid,FZCuSong-B09S,FZCuSong-B09S,FZCuSong-B09S,FZCSJW--GB1-0
/Users/xiangyucheng/Library/Fonts/FZFWHuanLTJW.TTF,FZFWHuanLTJW.TTF,Valid,FZFW HuanLe TiS,FZFW HuanLe TiS,FZFW HuanLe TiS,FZFW-HuanLeTi--GB1-0
/Users/xiangyucheng/Library/Fonts/FZFWQingYinTiJWE.TTF,FZFWQingYinTiJWE.TTF,Valid,FZFW Qing Yin TiS E,FZFW Qing Yin TiS E,FZFW Qing Yin TiS E,FZFW-QingYinTiS-E--GB1-0
/Users/xiangyucheng/Library/Fonts/FZFWZhuZiABiaoTMCJW.TTF,FZFWZhuZiABiaoTMCJW.TTF,Valid,FZFW ZhuZi A BiaoTiMinChoS,FZFW ZhuZi A BiaoTiMinChoS,FZFW ZhuZi A BiaoTiMinChoS,FZFW-ZZABTMC--GB1-0
/Users/xiangyucheng/Library/Fonts/FZFWMaDSTJW-B.TTF,FZFWMaDSTJW-B.TTF,Valid,FZFWMaDiSiTiS Bold,FZFWMaDiSiTiS,FZFWMaDiSiTiS Bold,FZFWMADSTS-B--GB1-0
/Users/xiangyucheng/Library/Fonts/FZFenSTXJW.TTF,FZFenSTXJW.TTF,Valid,FZFenSTXS-R-GB,FZFenSTXS-R-GB,FZFenSTXS-R-GB,FZFENSTXJW--GB1-0
/Users/xiangyucheng/Library/Fonts/FZGDCTJW-B.TTF,FZGDCTJW-B.TTF,Valid,FZGDCTiS Bold,FZGDCTiS,FZGDCTiS Bold,FZGDCTS-B--GB1-0
/Users/xiangyucheng/Library/Fonts/FZJianLTJW_Da.TTF,FZJianLTJW_Da.TTF,Valid,FZJianLiTiS ExtraBold,FZJianLiTiS ExtraBold,FZJianLiTiS ExtraBold,FZJIANLTS_DA--GB1-0
/Users/xiangyucheng/Library/Fonts/FZJingHJW.TTF,FZJingHJW.TTF,Valid,FZJingHeiS-R-GB,FZJingHeiS-R-GB,FZJingHeiS-R-GB,FZJINGHJW--GB1-0
/Users/xiangyucheng/Library/Fonts/FZKTJW.TTF,FZKTJW.TTF,Valid,FZKai-Z03S,FZKai-Z03S,FZKai-Z03S,FZKTJW--GB1-0
/Users/xiangyucheng/Library/Fonts/FZLTDHJW.TTF,FZLTDHJW.TTF,Valid,FZLanTingHeiS-EB-GB,FZLanTingHeiS-EB-GB,FZLanTingHeiS-EB-GB,FZLTDHJW--GB1-0
/Users/xiangyucheng/Library/Fonts/FZMoDTJW_Da.TTF,FZMoDTJW_Da.TTF,Valid,FZMoDengTiS ExtraBold,FZMoDengTiS ExtraBold,FZMoDengTiS ExtraBold,FZMODTS_DA--GB1-0
/Users/xiangyucheng/Library/Fonts/FZPANGPBJW.TTF,FZPANGPBJW.TTF,Valid,FZPangPangBaiS-R-GB,FZPangPangBaiS-R-GB,FZPangPangBaiS-R-GB,FZPANGPBJW--GB1-0
/Users/xiangyucheng/Library/Fonts/FZPSCHJW.TTF,FZPSCHJW.TTF,Valid,FZPinShangHeiS-B-GB,FZPinShangHeiS-B-GB,FZPinShangHeiS-B-GB,FZPSCHJW--GB1-0
/Users/xiangyucheng/Library/Fonts/FZShouXHJW-B.TTF,FZShouXHJW-B.TTF,Valid,FZShouXieHeiS Bold,FZShouXieHeiS,FZShouXieHeiS Bold,FZSHOUXHS-B--GB1-0
/Users/xiangyucheng/Library/Fonts/FZYaZTJ_Da.TTF,FZYaZTJ_Da.TTF,Valid,FZYaZhuTiS ExtraBold,FZYaZhuTiS ExtraBold,FZYaZhuTiS ExtraBold,FZYAZT_DAJW--GB1-0
/Users/xiangyucheng/Library/Fonts/FZZJ-XSS.TTF,FZZJ-XSS.TTF,Valid,FZZJ-XSS,FZZJ-XSS,FZZJ-XSS,FZZJ-XSS
/System/Library/Fonts/Supplemental/Farah.ttc,Farah.ttc,Valid,Farah Regular,Farah,Farah Regular,Farah
/System/Library/Fonts/Supplemental/Farisi.ttf,Farisi.ttf,Valid,Farisi Regular,Farisi,Farisi Regular,Farisi
/System/Library/Fonts/Supplemental/Futura.ttc,Futura.ttc,Valid,Futura Medium,Futura,Futura Medium,Futura-Medium
/System/Library/Fonts/Supplemental/NISC18030.ttf,NISC18030.ttf,Valid,GB18030 Bitmap,GB18030 Bitmap,GB18030 Bitmap,GB18030Bitmap
/System/Library/Fonts/Supplemental/Galvji.ttc,Galvji.ttc,Valid,Galvji,Galvji,Galvji,Galvji
/System/Library/Fonts/GeezaPro.ttc,GeezaPro.ttc,Valid,Geeza Pro Regular,Geeza Pro,Geeza Pro Regular,GeezaPro
/Users/xiangyucheng/Library/Fonts/GenShinGothic-Heavy-2.ttf,GenShinGothic-Heavy-2.ttf,Valid,Gen Shin Gothic Heavy,Gen Shin Gothic Heavy,Gen Shin Gothic Heavy,GenShinGothic-Heavy
/System/Library/Fonts/Geneva.ttf,Geneva.ttf,Valid,Geneva,Geneva,Geneva,Geneva
/System/Library/Fonts/Supplemental/Georgia.ttf,Georgia.ttf,Valid,Georgia,Georgia,Georgia,Georgia
/System/Library/Fonts/Supplemental/Georgia Bold.ttf,Georgia Bold.ttf,Valid,Georgia Bold,Georgia,Georgia Bold,Georgia-Bold
/System/Library/Fonts/Supplemental/Georgia Bold Italic.ttf,Georgia Bold Italic.ttf,Valid,Georgia Bold Italic,Georgia,Georgia Bold Italic,Georgia-BoldItalic
/System/Library/Fonts/Supplemental/Georgia Italic.ttf,Georgia Italic.ttf,Valid,Georgia Italic,Georgia,Georgia Italic,Georgia-Italic
/System/Library/Fonts/Supplemental/GillSans.ttc,GillSans.ttc,Valid,Gill Sans,Gill Sans,Gill Sans,GillSans
/System/Library/Fonts/Supplemental/GujaratiMT.ttc,GujaratiMT.ttc,Valid,Gujarati MT,Gujarati MT,Gujarati MT,GujaratiMT
/System/Library/Fonts/Supplemental/Gujarati Sangam MN.ttc,Gujarati Sangam MN.ttc,Valid,Gujarati Sangam MN,Gujarati Sangam MN,Gujarati Sangam MN,GujaratiSangamMN
/System/Library/AssetsV2/com_apple_MobileAsset_Font8/2cbbb46d93096244bde9fa13aa10939987dd0964.asset/AssetData/Gungseouche.ttf,Gungseouche.ttf,Valid,GungSeo Regular,GungSeo,GungSeo Regular,JCkg
/System/Library/Fonts/Supplemental/Gurmukhi MN.ttc,Gurmukhi MN.ttc,Valid,Gurmukhi MN,Gurmukhi MN,Gurmukhi MN,GurmukhiMN
/System/Library/Fonts/Supplemental/Gurmukhi.ttf,Gurmukhi.ttf,Valid,Gurmukhi MT,Gurmukhi MT,Gurmukhi MT,MonotypeGurmukhi
/System/Library/Fonts/Supplemental/Gurmukhi Sangam MN.ttc,Gurmukhi Sangam MN.ttc,Valid,Gurmukhi Sangam MN,Gurmukhi Sangam MN,Gurmukhi Sangam MN,GurmukhiSangamMN
/Users/xiangyucheng/Library/Fonts/HanaMin.ttf,HanaMin.ttf,Valid,HanaMin Regular,HanaMin,HanaMin Regular,HanaMin
/Users/xiangyucheng/Library/Fonts/HanaMinA.ttf,HanaMinA.ttf,Valid,HanaMinA Regular,HanaMinA,HanaMinA Regular,HanaMinA
/Users/xiangyucheng/Library/Fonts/花园明朝体-HanaMinA.ttf,花园明朝体-HanaMinA.ttf,Valid,HanaMinA Regular,HanaMinA,HanaMinA Regular,HanaMinA
/Users/xiangyucheng/Library/Fonts/花园明朝体-HanaMinB.ttf,花园明朝体-HanaMinB.ttf,Valid,HanaMinB Regular,HanaMinB,HanaMinB Regular,HanaMinB
/System/Library/AssetsV2/com_apple_MobileAsset_Font8/00bfc46ccb002b730e29def5116e0a571fb617d8.asset/AssetData/Hannotate.ttc,Hannotate.ttc,Valid,Hannotate SC Regular,Hannotate SC,Hannotate SC Regular,HannotateSC-W5
/System/Library/AssetsV2/com_apple_MobileAsset_Font8/a3c69464b629577766c23bcdb12ffbfe3759b923.asset/AssetData/Hanzipen.ttc,Hanzipen.ttc,Valid,HanziPen SC Regular,HanziPen SC,HanziPen SC Regular,HanziPenSC-W3
/System/Library/AssetsV2/com_apple_MobileAsset_Font8/c6821a5885b1c099dc7e340ca61cd3ddb35cb62e.asset/AssetData/HeadlineA.ttf,HeadlineA.ttf,Valid,HeadLineA Regular,HeadLineA,HeadLineA Regular,JCHEadA
/System/Library/AssetsV2/com_apple_MobileAsset_Font8/5feac9245cca79adaf638ded7a4994b1ddb33ca0.asset/AssetData/Hei.ttf,Hei.ttf,Valid,Hei Regular,Hei,Hei Regular,SIL-Hei-Med-Jian
/System/Library/Fonts/STHeiti Light.ttc,STHeiti Light.ttc,Valid,Heiti TC Light,Heiti TC,Heiti TC Light,STHeitiTC-Light
/System/Library/Fonts/STHeiti Medium.ttc,STHeiti Medium.ttc,Valid,Heiti TC Medium,Heiti TC,Heiti TC Medium,STHeitiTC-Medium
/System/Library/Fonts/Helvetica.ttc,Helvetica.ttc,Valid,Helvetica,Helvetica,Helvetica,Helvetica
/System/Library/Fonts/HelveticaNeue.ttc,HelveticaNeue.ttc,Valid,Helvetica Neue,Helvetica Neue,Helvetica Neue,HelveticaNeue
/System/Library/Fonts/Supplemental/Herculanum.ttf,Herculanum.ttf,Valid,Herculanum,Herculanum,Herculanum,Herculanum
/System/Library/Fonts/ヒラギノ丸ゴ ProN W4.ttc,ヒラギノ丸ゴ ProN W4.ttc,Valid,HiraMaruPro-W4,Hiragino Maru Gothic Pro W4,HiraMaruPro-W4,HiraMaruPro-W4
/System/Library/Fonts/ヒラギノ明朝 ProN.ttc,ヒラギノ明朝 ProN.ttc,Valid,HiraMinProN-W3,Hiragino Mincho ProN W3,HiraMinProN-W3,HiraMinProN-W3
/Users/xiangyucheng/Library/Fonts/Jiao-Std-W8-2.otf,Jiao-Std-W8-2.otf,Valid,Hiragino Kaku Gothic Std W8,Hiragino Kaku Gothic Std W8,Hiragino Kaku Gothic Std W8,HiraKakuStd-W8
/System/Library/Fonts/Hiragino Sans GB.ttc,Hiragino Sans GB.ttc,Valid,Hiragino Sans GB W3,Hiragino Sans GB W3,Hiragino Sans GB W3,HiraginoSansGB-W3
/System/Library/Fonts/ヒラギノ角ゴシック W0.ttc,ヒラギノ角ゴシック W0.ttc,Valid,Hiragino Sans W0,Hiragino Sans W0,Hiragino Sans W0,HiraginoSans-W0
/System/Library/Fonts/ヒラギノ角ゴシック W1.ttc,ヒラギノ角ゴシック W1.ttc,Valid,Hiragino Sans W1,Hiragino Sans W1,Hiragino Sans W1,HiraginoSans-W1
/System/Library/Fonts/ヒラギノ角ゴシック W2.ttc,ヒラギノ角ゴシック W2.ttc,Valid,Hiragino Sans W2,Hiragino Sans W2,Hiragino Sans W2,HiraginoSans-W2
/System/Library/Fonts/ヒラギノ角ゴシック W3.ttc,ヒラギノ角ゴシック W3.ttc,Valid,Hiragino Sans W3,Hiragino Sans W3,Hiragino Sans W3,HiraginoSans-W3
/System/Library/Fonts/ヒラギノ角ゴシック W4.ttc,ヒラギノ角ゴシック W4.ttc,Valid,Hiragino Sans W4,Hiragino Sans W4,Hiragino Sans W4,HiraginoSans-W4
/System/Library/Fonts/ヒラギノ角ゴシック W5.ttc,ヒラギノ角ゴシック W5.ttc,Valid,Hiragino Sans W5,Hiragino Sans W5,Hiragino Sans W5,HiraginoSans-W5
/System/Library/Fonts/ヒラギノ角ゴシック W6.ttc,ヒラギノ角ゴシック W6.ttc,Valid,Hiragino Sans W6,Hiragino Sans W6,Hiragino Sans W6,HiraginoSans-W6
/System/Library/Fonts/ヒラギノ角ゴシック W7.ttc,ヒラギノ角ゴシック W7.ttc,Valid,Hiragino Sans W7,Hiragino Sans W7,Hiragino Sans W7,HiraginoSans-W7
/System/Library/Fonts/ヒラギノ角ゴシック W8.ttc,ヒラギノ角ゴシック W8.ttc,Valid,Hiragino Sans W8,Hiragino Sans W8,Hiragino Sans W8,HiraginoSans-W8
/System/Library/Fonts/ヒラギノ角ゴシック W9.ttc,ヒラギノ角ゴシック W9.ttc,Valid,Hiragino Sans W9,Hiragino Sans W9,Hiragino Sans W9,HiraginoSans-W9
/Users/xiangyucheng/Library/Fonts/hiraginokaku-w9-90-rksj-h.ttc,hiraginokaku-w9-90-rksj-h.ttc,Valid,HiraginoKaku W9,HiraginoKaku W9,HiraginoKaku W9,HiraginoKaku-W9-90msp-RKSJ-H
/System/Library/Fonts/Supplemental/Hoefler Text.ttc,Hoefler Text.ttc,Valid,Hoefler Text,Hoefler Text,Hoefler Text,HoeflerText-Regular
/System/Library/Fonts/Supplemental/Hoefler Text Ornaments.ttf,Hoefler Text Ornaments.ttf,Valid,Hoefler Text Ornaments,Hoefler Text Ornaments,Hoefler Text Ornaments,HoeflerText-Ornaments
/System/Library/Fonts/Supplemental/ITFDevanagari.ttc,ITFDevanagari.ttc,Valid,ITFDevanagari-Book,ITF Devanagari,ITFDevanagari-Book,ITFDevanagari-Book
/System/Library/Fonts/Supplemental/Impact.ttf,Impact.ttf,Valid,Impact,Impact,Impact,Impact
/System/Library/Fonts/Supplemental/InaiMathi-MN.ttc,InaiMathi-MN.ttc,Valid,InaiMathi,InaiMathi,InaiMathi,InaiMathi
/System/Library/Fonts/Supplemental/Iowan Old Style.ttc,Iowan Old Style.ttc,Valid,Iowan Old Style Roman,Iowan Old Style,Iowan Old Style Roman,IowanOldStyle-Roman
/System/Library/AssetsV2/com_apple_MobileAsset_Font8/6331c5916c361af1b83fb8b8b76ef2eece20c8eb.asset/AssetData/Kai.ttf,Kai.ttf,Valid,Kai Regular,Kai,Kai Regular,SIL-Kai-Reg-Jian
/System/Library/Fonts/Supplemental/Kailasa.ttc,Kailasa.ttc,Valid,Kailasa Regular,Kailasa,Kailasa Regular,Kailasa
/System/Library/AssetsV2/com_apple_MobileAsset_Font8/88d6cc32a907955efa1d014207889413890573be.asset/AssetData/Kaiti.ttc,Kaiti.ttc,Valid,Kaiti SC Regular,Kaiti SC,Kaiti SC Regular,STKaitiSC-Regular
/System/Library/Fonts/Supplemental/Kannada MN.ttc,Kannada MN.ttc,Valid,Kannada MN,Kannada MN,Kannada MN,KannadaMN
/System/Library/Fonts/Supplemental/Kannada Sangam MN.ttc,Kannada Sangam MN.ttc,Valid,Kannada Sangam MN,Kannada Sangam MN,Kannada Sangam MN,KannadaSangamMN
/System/Library/Fonts/Supplemental/KefaIII.ttf,KefaIII.ttf,Valid,Kefa III Regular,Kefa III,Kefa III Regular,KefaIII-Regular
/Users/xiangyucheng/Library/Fonts/keifont.ttf,keifont.ttf,Valid,Keifont,Keifont,Keifont,Keifont
/System/Library/Fonts/Supplemental/Khmer MN.ttc,Khmer MN.ttc,Valid,Khmer MN,Khmer MN,Khmer MN,KhmerMN
/System/Library/Fonts/Supplemental/Khmer Sangam MN.ttf,Khmer Sangam MN.ttf,Valid,Khmer Sangam MN,Khmer Sangam MN,Khmer Sangam MN,KhmerSangamMN
/Users/xiangyucheng/Library/Fonts/kipsol-regular.ttf,kipsol-regular.ttf,Valid,Kipsol,Kipsol,Kipsol,Kipsol
/System/Library/AssetsV2/com_apple_MobileAsset_Font8/81e879dcb4d596ab140f7cffcd5ccaaf8108519b.asset/AssetData/Klee.ttc,Klee.ttc,Valid,Klee Demibold,Klee Demibold,Klee Demibold,Klee-Demibold
/System/Library/Fonts/KohinoorBangla.ttc,KohinoorBangla.ttc,Valid,Kohinoor Bangla,Kohinoor Bangla,Kohinoor Bangla,KohinoorBangla-Regular
/System/Library/Fonts/Kohinoor.ttc,Kohinoor.ttc,Valid,Kohinoor Devanagari Regular,Kohinoor Devanagari,Kohinoor Devanagari Regular,KohinoorDevanagari-Regular
/System/Library/Fonts/KohinoorGujarati.ttc,KohinoorGujarati.ttc,Valid,Kohinoor Gujarati Bold,Kohinoor Gujarati,Kohinoor Gujarati Bold,KohinoorGujarati-Bold
/System/Library/Fonts/KohinoorTelugu.ttc,KohinoorTelugu.ttc,Valid,Kohinoor Telugu,Kohinoor Telugu,Kohinoor Telugu,KohinoorTelugu-Regular
/System/Library/Fonts/Supplemental/Kokonor.ttf,Kokonor.ttf,Valid,Kokonor Regular,Kokonor,Kokonor Regular,Kokonor
/System/Library/Fonts/Supplemental/Krungthep.ttf,Krungthep.ttf,Valid,Krungthep,Krungthep,Krungthep,Krungthep
/System/Library/Fonts/Supplemental/KufiStandardGK.ttc,KufiStandardGK.ttc,Valid,KufiStandardGK Regular,KufiStandardGK,KufiStandardGK Regular,KufiStandardGK
/Users/xiangyucheng/Library/Fonts/kurokane.ttf,kurokane.ttf,Valid,Kurokane,Kurokane,Kurokane,Kurokane
/System/Library/AssetsV2/com_apple_MobileAsset_Font8/f14049099a04e570b893c01d9a4cd71f87c9e8d8.asset/AssetData/Lantinghei.ttc,Lantinghei.ttc,Valid,Lantinghei SC Demibold,Lantinghei SC,Lantinghei SC Demibold,FZLTZHK--GBK1-0
/System/Library/Fonts/Supplemental/Lao MN.ttc,Lao MN.ttc,Valid,Lao MN,Lao MN,Lao MN,LaoMN
/System/Library/Fonts/Supplemental/Lao Sangam MN.ttf,Lao Sangam MN.ttf,Valid,Lao Sangam MN,Lao Sangam MN,Lao Sangam MN,LaoSangamMN
/Users/xiangyucheng/Library/Fonts/lesle.ttf,lesle.ttf,Valid,Lesle,Lesle,Lesle,Lesle
/System/Library/AssetsV2/com_apple_MobileAsset_Font8/5d3a1229823fff781c0d9dac611c90f9fc31e138.asset/AssetData/LiHeiPro.ttf,LiHeiPro.ttf,Valid,LiHei Pro,LiHei Pro,LiHei Pro,LiHeiPro
/System/Library/AssetsV2/com_apple_MobileAsset_Font8/6372627020b45393e500bb1661c460d4a93aff49.asset/AssetData/LiSongPro.ttf,LiSongPro.ttf,Valid,LiSong Pro,LiSong Pro,LiSong Pro,LiSongPro
/System/Library/AssetsV2/com_apple_MobileAsset_Font8/a304e3396d019087ab67af77f5e398977529007d.asset/AssetData/Libian.ttc,Libian.ttc,Valid,Libian SC Regular,Libian SC,Libian SC Regular,STLibianSC-Regular
/Users/xiangyucheng/Library/Fonts/9dd85b0905ed60da332151f89da9e03f.otf,9dd85b0905ed60da332151f89da9e03f.otf,Valid,LightNovelPopV2 V2,LightNovelPopV2 V2,LightNovelPopV2 V2,LightNovelPopV2-V2
/System/Library/AssetsV2/com_apple_MobileAsset_Font8/78f88149335340bffebcfade41e6a326a865625c.asset/AssetData/LingWaiSC-Medium.otf,LingWaiSC-Medium.otf,Valid,LingWai SC Medium,LingWai SC,LingWai SC Medium,MLingWaiMedium-SC
/System/Library/AssetsV2/com_apple_MobileAsset_Font8/bde53ad6e1bb82eb008445d7ed26d067e4c89497.asset/AssetData/LingWaiTC-Medium.otf,LingWaiTC-Medium.otf,Valid,LingWai TC Medium,LingWai TC,LingWai TC Medium,MLingWaiMedium-TC
/System/Library/Fonts/LucidaGrande.ttc,LucidaGrande.ttc,Valid,Lucida Grande,Lucida Grande,Lucida Grande,LucidaGrande
/System/Library/Fonts/Supplemental/Luminari.ttf,Luminari.ttf,Valid,Luminari,Luminari,Luminari,Luminari-Regular
/Users/xiangyucheng/Library/Fonts/M XiangHe Hei SC Std XBlack.otf,M XiangHe Hei SC Std XBlack.otf,Valid,M XiangHe Hei SC Std XBlack,M XiangHe Hei SC Std XBlack,M XiangHe Hei SC Std XBlack,MXiangHeHeiSCStd-XBlack
/Users/xiangyucheng/Library/Fonts/Makinas-4-Flat.otf,Makinas-4-Flat.otf,Valid,Makinas-4-Flat,Makinas-4-Flat,Makinas-4-Flat,Makinas-4-Flat
/Users/xiangyucheng/Library/Fonts/Makinas-4-Square.otf,Makinas-4-Square.otf,Valid,Makinas-4-Square,Makinas-4 Square,Makinas-4-Square,Makinas-4-Square
/System/Library/Fonts/Supplemental/Malayalam MN.ttc,Malayalam MN.ttc,Valid,Malayalam MN,Malayalam MN,Malayalam MN,MalayalamMN
/System/Library/Fonts/Supplemental/Malayalam Sangam MN.ttc,Malayalam Sangam MN.ttc,Valid,Malayalam Sangam MN,Malayalam Sangam MN,Malayalam Sangam MN,MalayalamSangamMN
/System/Library/Fonts/Supplemental/Marion.ttc,Marion.ttc,Valid,Marion Regular,Marion,Marion Regular,Marion-Regular
/System/Library/Fonts/MarkerFelt.ttc,MarkerFelt.ttc,Valid,Marker Felt Thin,Marker Felt,Marker Felt Thin,MarkerFelt-Thin
/Users/xiangyucheng/Library/Fonts/Matisse-EB-TT.ttf,Matisse-EB-TT.ttf,Valid,Matisse-EB-TT,Matisse-EB-TT,Matisse-EB-TT,Matisse-EB-TT
/Users/xiangyucheng/Library/Fonts/Mbf-Regular.ttf,Mbf-Regular.ttf,Valid,Mbf Regular,Mbf,Mbf Regular,Mbf-Regular
/System/Library/Fonts/Menlo.ttc,Menlo.ttc,Valid,Menlo Regular,Menlo,Menlo Regular,Menlo-Regular
/System/Library/Fonts/Supplemental/Microsoft Sans Serif.ttf,Microsoft Sans Serif.ttf,Valid,Microsoft Sans Serif,Microsoft Sans Serif,Microsoft Sans Serif,MicrosoftSansSerif
/Users/xiangyucheng/Library/Fonts/Ming Imperial.TTF,Ming Imperial.TTF,Valid,Ming Imperial,Ming Imperial,Ming Imperial,Ming Imperial
/System/Library/Fonts/Supplemental/Mishafi Gold.ttf,Mishafi Gold.ttf,Valid,Mishafi Gold Regular,Mishafi Gold,Mishafi Gold Regular,DiwanMishafiGold
/System/Library/Fonts/Supplemental/Mishafi.ttf,Mishafi.ttf,Valid,Mishafi Regular,Mishafi,Mishafi Regular,DiwanMishafi
/Users/xiangyucheng/Library/Fonts/MochiyPopPOne-Regular.ttf,MochiyPopPOne-Regular.ttf,Valid,Mochiy Pop P One Regular,Mochiy Pop P One,Mochiy Pop P One Regular,MochiyPopPOne-Regular
/System/Library/Fonts/Monaco.ttf,Monaco.ttf,Valid,Monaco,Monaco,Monaco,Monaco
/System/Library/Fonts/Supplemental/Mshtakan.ttc,Mshtakan.ttc,Valid,Mshtakan,Mshtakan,Mshtakan,Mshtakan
/System/Library/Fonts/MuktaMahee.ttc,MuktaMahee.ttc,Valid,MuktaMahee Regular,MuktaMahee Regular,MuktaMahee Regular,MuktaMahee-Regular
/System/Library/Fonts/Supplemental/Muna.ttc,Muna.ttc,Valid,Muna Regular,Muna,Muna Regular,Muna
/System/Library/Fonts/Supplemental/Myanmar MN.ttc,Myanmar MN.ttc,Valid,Myanmar MN,Myanmar MN,Myanmar MN,MyanmarMN
/System/Library/Fonts/Supplemental/Myanmar Sangam MN.ttc,Myanmar Sangam MN.ttc,Valid,Myanmar Sangam MN,Myanmar Sangam MN,Myanmar Sangam MN,MyanmarSangamMN
/System/Library/Fonts/Supplemental/Nadeem.ttc,Nadeem.ttc,Valid,Nadeem Regular,Nadeem,Nadeem Regular,Nadeem
/System/Library/AssetsV2/com_apple_MobileAsset_Font8/1fb44cf128344a11e654a43ccd7a45a68026bf5d.asset/AssetData/NanumScript.ttc,NanumScript.ttc,Valid,Nanum Brush Script,Nanum Brush Script,Nanum Brush Script,NanumBrush
/System/Library/AssetsV2/com_apple_MobileAsset_Font8/7a0b5c0f3c1d41c4c52a33343496c9c65ad52c50.asset/AssetData/NanumGothic.ttc,NanumGothic.ttc,Valid,NanumGothic,NanumGothic,NanumGothic,NanumGothic
/System/Library/AssetsV2/com_apple_MobileAsset_Font8/4c932c71d74fc9e4c1bd9cbf270374b0b3ee7519.asset/AssetData/NanumMyeongjo.ttc,NanumMyeongjo.ttc,Valid,NanumMyeongjo,NanumMyeongjo,NanumMyeongjo,NanumMyeongjo
/System/Library/Fonts/Supplemental/NewPeninimMT.ttc,NewPeninimMT.ttc,Valid,New Peninim MT,New Peninim MT,New Peninim MT,NewPeninimMT
/System/Library/Fonts/Noteworthy.ttc,Noteworthy.ttc,Valid,Noteworthy Light,Noteworthy,Noteworthy Light,Noteworthy-Light
/System/Library/Fonts/NotoNastaliq.ttc,NotoNastaliq.ttc,Valid,Noto Nastaliq Urdu,Noto Nastaliq Urdu,Noto Nastaliq Urdu,NotoNastaliqUrdu
/System/Library/Fonts/Supplemental/NotoSansAdlam-Regular.ttf,NotoSansAdlam-Regular.ttf,Valid,Noto Sans Adlam Regular,Noto Sans Adlam,Noto Sans Adlam Regular,NotoSansAdlam-Regular
/System/Library/Fonts/NotoSansArmenian.ttc,NotoSansArmenian.ttc,Valid,Noto Sans Armenian Black,Noto Sans Armenian Blk,Noto Sans Armenian Black,NotoSansArmenian-Black
/System/Library/Fonts/Supplemental/NotoSansAvestan-Regular.ttf,NotoSansAvestan-Regular.ttf,Valid,Noto Sans Avestan Regular,Noto Sans Avestan,Noto Sans Avestan Regular,NotoSansAvestan-Regular
/System/Library/Fonts/Supplemental/NotoSansBamum-Regular.ttf,NotoSansBamum-Regular.ttf,Valid,Noto Sans Bamum Regular,Noto Sans Bamum,Noto Sans Bamum Regular,NotoSansBamum-Regular
/System/Library/Fonts/Supplemental/NotoSansBassaVah-Regular.ttf,NotoSansBassaVah-Regular.ttf,Valid,Noto Sans Bassa Vah Regular,Noto Sans Bassa Vah,Noto Sans Bassa Vah Regular,NotoSansBassaVah-Regular
/System/Library/Fonts/Supplemental/NotoSansBatak-Regular.ttf,NotoSansBatak-Regular.ttf,Valid,Noto Sans Batak Regular,Noto Sans Batak,Noto Sans Batak Regular,NotoSansBatak-Regular
/System/Library/Fonts/Supplemental/NotoSansBhaiksuki-Regular.ttf,NotoSansBhaiksuki-Regular.ttf,Valid,Noto Sans Bhaiksuki Regular,Noto Sans Bhaiksuki,Noto Sans Bhaiksuki Regular,NotoSansBhaiksuki-Regular
/System/Library/Fonts/Supplemental/NotoSansBrahmi-Regular.ttf,NotoSansBrahmi-Regular.ttf,Valid,Noto Sans Brahmi Regular,Noto Sans Brahmi,Noto Sans Brahmi Regular,NotoSansBrahmi-Regular
/System/Library/Fonts/Supplemental/NotoSansBuginese-Regular.ttf,NotoSansBuginese-Regular.ttf,Valid,Noto Sans Buginese Regular,Noto Sans Buginese,Noto Sans Buginese Regular,NotoSansBuginese-Regular
/System/Library/Fonts/Supplemental/NotoSansBuhid-Regular.ttf,NotoSansBuhid-Regular.ttf,Valid,Noto Sans Buhid Regular,Noto Sans Buhid,Noto Sans Buhid Regular,NotoSansBuhid-Regular
/System/Library/Fonts/Supplemental/NotoSansCanadianAboriginal-Regular.otf,NotoSansCanadianAboriginal-Regular.otf,Valid,Noto Sans Canadian Aboriginal Regular,Noto Sans CanAborig,Noto Sans Canadian Aboriginal Regular,NotoSansCanadianAboriginal-Regular
/System/Library/Fonts/Supplemental/NotoSansCarian-Regular.ttf,NotoSansCarian-Regular.ttf,Valid,Noto Sans Carian Regular,Noto Sans Carian,Noto Sans Carian Regular,NotoSansCarian-Regular
/System/Library/Fonts/Supplemental/NotoSansCaucasianAlbanian-Regular.ttf,NotoSansCaucasianAlbanian-Regular.ttf,Valid,Noto Sans Caucasian Albanian Regular,Noto Sans CaucAlban,Noto Sans Caucasian Albanian Regular,NotoSansCaucasianAlbanian-Regular
/System/Library/Fonts/Supplemental/NotoSansChakma-Regular.ttf,NotoSansChakma-Regular.ttf,Valid,Noto Sans Chakma Regular,Noto Sans Chakma,Noto Sans Chakma Regular,NotoSansChakma-Regular
/System/Library/Fonts/Supplemental/NotoSansCham-Regular.ttf,NotoSansCham-Regular.ttf,Valid,Noto Sans Cham Regular,Noto Sans Cham,Noto Sans Cham Regular,NotoSansCham-Regular
/System/Library/Fonts/Supplemental/NotoSansCoptic-Regular.ttf,NotoSansCoptic-Regular.ttf,Valid,Noto Sans Coptic Regular,Noto Sans Coptic,Noto Sans Coptic Regular,NotoSansCoptic-Regular
/System/Library/Fonts/Supplemental/NotoSansCuneiform-Regular.ttf,NotoSansCuneiform-Regular.ttf,Valid,Noto Sans Cuneiform Regular,Noto Sans Cuneiform,Noto Sans Cuneiform Regular,NotoSansCuneiform-Regular
/System/Library/Fonts/Supplemental/NotoSansCypriot-Regular.ttf,NotoSansCypriot-Regular.ttf,Valid,Noto Sans Cypriot Regular,Noto Sans Cypriot,Noto Sans Cypriot Regular,NotoSansCypriot-Regular
/System/Library/Fonts/Supplemental/NotoSansDuployan-Regular.ttf,NotoSansDuployan-Regular.ttf,Valid,Noto Sans Duployan Regular,Noto Sans Duployan,Noto Sans Duployan Regular,NotoSansDuployan-Regular
/System/Library/Fonts/Supplemental/NotoSansEgyptianHieroglyphs-Regular.ttf,NotoSansEgyptianHieroglyphs-Regular.ttf,Valid,Noto Sans Egyptian Hieroglyphs Regular,Noto Sans EgyptHiero,Noto Sans Egyptian Hieroglyphs Regular,NotoSansEgyptianHieroglyphs-Regular
/System/Library/Fonts/Supplemental/NotoSansElbasan-Regular.ttf,NotoSansElbasan-Regular.ttf,Valid,Noto Sans Elbasan Regular,Noto Sans Elbasan,Noto Sans Elbasan Regular,NotoSansElbasan-Regular
/System/Library/Fonts/Supplemental/NotoSansGlagolitic-Regular.ttf,NotoSansGlagolitic-Regular.ttf,Valid,Noto Sans Glagolitic Regular,Noto Sans Glagolitic,Noto Sans Glagolitic Regular,NotoSansGlagolitic-Regular
/System/Library/Fonts/Supplemental/NotoSansGothic-Regular.ttf,NotoSansGothic-Regular.ttf,Valid,Noto Sans Gothic Regular,Noto Sans Gothic,Noto Sans Gothic Regular,NotoSansGothic-Regular
/System/Library/Fonts/Supplemental/NotoSansGunjalaGondi-Regular.otf,NotoSansGunjalaGondi-Regular.otf,Valid,Noto Sans Gunjala Gondi Regular,Noto Sans Gunjala Gondi,Noto Sans Gunjala Gondi Regular,NotoSansGunjalaGondi-Regular
/System/Library/Fonts/Supplemental/NotoSansHanifiRohingya-Regular.ttf,NotoSansHanifiRohingya-Regular.ttf,Valid,Noto Sans Hanifi Rohingya Regular,Noto Sans HanifiRohg,Noto Sans Hanifi Rohingya Regular,NotoSansHanifiRohingya-Regular
/System/Library/Fonts/Supplemental/NotoSansHanunoo-Regular.ttf,NotoSansHanunoo-Regular.ttf,Valid,Noto Sans Hanunoo Regular,Noto Sans Hanunoo,Noto Sans Hanunoo Regular,NotoSansHanunoo-Regular
/System/Library/Fonts/Supplemental/NotoSansHatran-Regular.ttf,NotoSansHatran-Regular.ttf,Valid,Noto Sans Hatran Regular,Noto Sans Hatran,Noto Sans Hatran Regular,NotoSansHatran-Regular
/System/Library/Fonts/Supplemental/NotoSansImperialAramaic-Regular.ttf,NotoSansImperialAramaic-Regular.ttf,Valid,Noto Sans Imperial Aramaic Regular,Noto Sans ImpAramaic,Noto Sans Imperial Aramaic Regular,NotoSansImperialAramaic-Regular
/System/Library/Fonts/Supplemental/NotoSansInscriptionalPahlavi-Regular.ttf,NotoSansInscriptionalPahlavi-Regular.ttf,Valid,Noto Sans Inscriptional Pahlavi Regular,Noto Sans InsPahlavi,Noto Sans Inscriptional Pahlavi Regular,NotoSansInscriptionalPahlavi-Regular
/System/Library/Fonts/Supplemental/NotoSansInscriptionalParthian-Regular.ttf,NotoSansInscriptionalParthian-Regular.ttf,Valid,Noto Sans Inscriptional Parthian Regular,Noto Sans InsParthi,Noto Sans Inscriptional Parthian Regular,NotoSansInscriptionalParthian-Regular
/System/Library/Fonts/Supplemental/NotoSansJavanese-Regular.otf,NotoSansJavanese-Regular.otf,Valid,Noto Sans Javanese Regular,Noto Sans Javanese,Noto Sans Javanese Regular,NotoSansJavanese-Regular
/System/Library/Fonts/Supplemental/NotoSansKaithi-Regular.ttf,NotoSansKaithi-Regular.ttf,Valid,Noto Sans Kaithi Regular,Noto Sans Kaithi,Noto Sans Kaithi Regular,NotoSansKaithi-Regular
/System/Library/Fonts/NotoSansKannada.ttc,NotoSansKannada.ttc,Valid,Noto Sans Kannada Thin,Noto Sans Kannada Thin,Noto Sans Kannada Thin,NotoSansKannada-Thin
/System/Library/Fonts/Supplemental/NotoSansKayahLi-Regular.ttf,NotoSansKayahLi-Regular.ttf,Valid,Noto Sans Kayah Li Regular,Noto Sans Kayah Li,Noto Sans Kayah Li Regular,NotoSansKayahLi-Regular
/System/Library/Fonts/Supplemental/NotoSansKharoshthi-Regular.ttf,NotoSansKharoshthi-Regular.ttf,Valid,Noto Sans Kharoshthi Regular,Noto Sans Kharoshthi,Noto Sans Kharoshthi Regular,NotoSansKharoshthi-Regular
/System/Library/Fonts/Supplemental/NotoSansKhojki-Regular.ttf,NotoSansKhojki-Regular.ttf,Valid,Noto Sans Khojki Regular,Noto Sans Khojki,Noto Sans Khojki Regular,NotoSansKhojki-Regular
/System/Library/Fonts/Supplemental/NotoSansKhudawadi-Regular.ttf,NotoSansKhudawadi-Regular.ttf,Valid,Noto Sans Khudawadi Regular,Noto Sans Khudawadi,Noto Sans Khudawadi Regular,NotoSansKhudawadi-Regular
/System/Library/Fonts/Supplemental/NotoSansLepcha-Regular.ttf,NotoSansLepcha-Regular.ttf,Valid,Noto Sans Lepcha Regular,Noto Sans Lepcha,Noto Sans Lepcha Regular,NotoSansLepcha-Regular
/System/Library/Fonts/Supplemental/NotoSansLimbu-Regular.ttf,NotoSansLimbu-Regular.ttf,Valid,Noto Sans Limbu Regular,Noto Sans Limbu,Noto Sans Limbu Regular,NotoSansLimbu-Regular
/System/Library/Fonts/Supplemental/NotoSansLinearA-Regular.ttf,NotoSansLinearA-Regular.ttf,Valid,Noto Sans Linear A Regular,Noto Sans Linear A,Noto Sans Linear A Regular,NotoSansLinearA-Regular
/System/Library/Fonts/Supplemental/NotoSansLinearB-Regular.ttf,NotoSansLinearB-Regular.ttf,Valid,Noto Sans Linear B Regular,Noto Sans Linear B,Noto Sans Linear B Regular,NotoSansLinearB-Regular
/System/Library/Fonts/Supplemental/NotoSansLisu-Regular.ttf,NotoSansLisu-Regular.ttf,Valid,Noto Sans Lisu Regular,Noto Sans Lisu,Noto Sans Lisu Regular,NotoSansLisu-Regular
/System/Library/Fonts/Supplemental/NotoSansLycian-Regular.ttf,NotoSansLycian-Regular.ttf,Valid,Noto Sans Lycian Regular,Noto Sans Lycian,Noto Sans Lycian Regular,NotoSansLycian-Regular
/System/Library/Fonts/Supplemental/NotoSansLydian-Regular.ttf,NotoSansLydian-Regular.ttf,Valid,Noto Sans Lydian Regular,Noto Sans Lydian,Noto Sans Lydian Regular,NotoSansLydian-Regular
/System/Library/Fonts/Supplemental/NotoSansMahajani-Regular.ttf,NotoSansMahajani-Regular.ttf,Valid,Noto Sans Mahajani Regular,Noto Sans Mahajani,Noto Sans Mahajani Regular,NotoSansMahajani-Regular
/System/Library/Fonts/Supplemental/NotoSansMandaic-Regular.ttf,NotoSansMandaic-Regular.ttf,Valid,Noto Sans Mandaic Regular,Noto Sans Mandaic,Noto Sans Mandaic Regular,NotoSansMandaic-Regular
/System/Library/Fonts/Supplemental/NotoSansManichaean-Regular.ttf,NotoSansManichaean-Regular.ttf,Valid,Noto Sans Manichaean Regular,Noto Sans Manichaean,Noto Sans Manichaean Regular,NotoSansManichaean-Regular
/System/Library/Fonts/Supplemental/NotoSansMarchen-Regular.ttf,NotoSansMarchen-Regular.ttf,Valid,Noto Sans Marchen Regular,Noto Sans Marchen,Noto Sans Marchen Regular,NotoSansMarchen-Regular
/System/Library/Fonts/Supplemental/NotoSansMasaramGondi-Regular.otf,NotoSansMasaramGondi-Regular.otf,Valid,Noto Sans Masaram Gondi Regular,Noto Sans Masaram Gondi,Noto Sans Masaram Gondi Regular,NotoSansMasaramGondi-Regular
/System/Library/Fonts/Supplemental/NotoSansMeeteiMayek-Regular.ttf,NotoSansMeeteiMayek-Regular.ttf,Valid,Noto Sans Meetei Mayek Regular,Noto Sans MeeteiMayek,Noto Sans Meetei Mayek Regular,NotoSansMeeteiMayek-Regular
/System/Library/Fonts/Supplemental/NotoSansMendeKikakui-Regular.ttf,NotoSansMendeKikakui-Regular.ttf,Valid,Noto Sans Mende Kikakui Regular,Noto Sans Mende Kikakui,Noto Sans Mende Kikakui Regular,NotoSansMendeKikakui-Regular
/System/Library/Fonts/Supplemental/NotoSansMeroitic-Regular.ttf,NotoSansMeroitic-Regular.ttf,Valid,Noto Sans Meroitic Regular,Noto Sans Meroitic,Noto Sans Meroitic Regular,NotoSansMeroitic-Regular
/System/Library/Fonts/Supplemental/NotoSansMiao-Regular.ttf,NotoSansMiao-Regular.ttf,Valid,Noto Sans Miao Regular,Noto Sans Miao,Noto Sans Miao Regular,NotoSansMiao-Regular
/System/Library/Fonts/Supplemental/NotoSansModi-Regular.ttf,NotoSansModi-Regular.ttf,Valid,Noto Sans Modi Regular,Noto Sans Modi,Noto Sans Modi Regular,NotoSansModi-Regular
/System/Library/Fonts/Supplemental/NotoSansMongolian-Regular.ttf,NotoSansMongolian-Regular.ttf,Valid,Noto Sans Mongolian Regular,Noto Sans Mongolian,Noto Sans Mongolian Regular,NotoSansMongolian-Regular
/System/Library/Fonts/Supplemental/NotoSansMro-Regular.ttf,NotoSansMro-Regular.ttf,Valid,Noto Sans Mro Regular,Noto Sans Mro,Noto Sans Mro Regular,NotoSansMro-Regular
/System/Library/Fonts/Supplemental/NotoSansMultani-Regular.ttf,NotoSansMultani-Regular.ttf,Valid,Noto Sans Multani Regular,Noto Sans Multani,Noto Sans Multani Regular,NotoSansMultani-Regular
/System/Library/Fonts/NotoSansMyanmar.ttc,NotoSansMyanmar.ttc,Valid,Noto Sans Myanmar Black,Noto Sans Myanmar Blk,Noto Sans Myanmar Black,NotoSansMyanmar-Black
/System/Library/Fonts/Supplemental/NotoSansNKo-Regular.ttf,NotoSansNKo-Regular.ttf,Valid,Noto Sans NKo Regular,Noto Sans NKo,Noto Sans NKo Regular,NotoSansNKo-Regular
/System/Library/Fonts/Supplemental/NotoSansNabataean-Regular.ttf,NotoSansNabataean-Regular.ttf,Valid,Noto Sans Nabataean Regular,Noto Sans Nabataean,Noto Sans Nabataean Regular,NotoSansNabataean-Regular
/System/Library/Fonts/Supplemental/NotoSansNagMundari-Regular.ttf,NotoSansNagMundari-Regular.ttf,Valid,Noto Sans Nag Mundari Regular,Noto Sans Nag Mundari,Noto Sans Nag Mundari Regular,NotoSansNagMundari-Regular
/System/Library/Fonts/Supplemental/NotoSansNewTaiLue-Regular.ttf,NotoSansNewTaiLue-Regular.ttf,Valid,Noto Sans New Tai Lue Regular,Noto Sans NewTaiLue,Noto Sans New Tai Lue Regular,NotoSansNewTaiLue-Regular
/System/Library/Fonts/Supplemental/NotoSansNewa-Regular.ttf,NotoSansNewa-Regular.ttf,Valid,Noto Sans Newa Regular,Noto Sans Newa,Noto Sans Newa Regular,NotoSansNewa-Regular
/System/Library/Fonts/Supplemental/NotoSansOlChiki-Regular.ttf,NotoSansOlChiki-Regular.ttf,Valid,Noto Sans Ol Chiki Regular,Noto Sans Ol Chiki,Noto Sans Ol Chiki Regular,NotoSansOlChiki-Regular
/System/Library/Fonts/Supplemental/NotoSansOldHungarian-Regular.ttf,NotoSansOldHungarian-Regular.ttf,Valid,Noto Sans Old Hungarian Regular,Noto Sans OldHung,Noto Sans Old Hungarian Regular,NotoSansOldHungarian-Regular
/System/Library/Fonts/Supplemental/NotoSansOldItalic-Regular.ttf,NotoSansOldItalic-Regular.ttf,Valid,Noto Sans Old Italic Regular,Noto Sans Old Italic,Noto Sans Old Italic Regular,NotoSansOldItalic-Regular
/System/Library/Fonts/Supplemental/NotoSansOldNorthArabian-Regular.ttf,NotoSansOldNorthArabian-Regular.ttf,Valid,Noto Sans Old North Arabian Regular,Noto Sans OldNorArab,Noto Sans Old North Arabian Regular,NotoSansOldNorthArabian-Regular
/System/Library/Fonts/Supplemental/NotoSansOldPermic-Regular.ttf,NotoSansOldPermic-Regular.ttf,Valid,Noto Sans Old Permic Regular,Noto Sans Old Permic,Noto Sans Old Permic Regular,NotoSansOldPermic-Regular
/System/Library/Fonts/Supplemental/NotoSansOldPersian-Regular.ttf,NotoSansOldPersian-Regular.ttf,Valid,Noto Sans Old Persian Regular,Noto Sans OldPersian,Noto Sans Old Persian Regular,NotoSansOldPersian-Regular
/System/Library/Fonts/Supplemental/NotoSansOldSouthArabian-Regular.ttf,NotoSansOldSouthArabian-Regular.ttf,Valid,Noto Sans Old South Arabian Regular,Noto Sans OldSouArab,Noto Sans Old South Arabian Regular,NotoSansOldSouthArabian-Regular
/System/Library/Fonts/Supplemental/NotoSansOldTurkic-Regular.ttf,NotoSansOldTurkic-Regular.ttf,Valid,Noto Sans Old Turkic Regular,Noto Sans Old Turkic,Noto Sans Old Turkic Regular,NotoSansOldTurkic-Regular
/System/Library/Fonts/NotoSansOriya.ttc,NotoSansOriya.ttc,Valid,Noto Sans Oriya,Noto Sans Oriya,Noto Sans Oriya,NotoSansOriya
/System/Library/Fonts/Supplemental/NotoSansOsage-Regular.ttf,NotoSansOsage-Regular.ttf,Valid,Noto Sans Osage Regular,Noto Sans Osage,Noto Sans Osage Regular,NotoSansOsage-Regular
/System/Library/Fonts/Supplemental/NotoSansOsmanya-Regular.ttf,NotoSansOsmanya-Regular.ttf,Valid,Noto Sans Osmanya Regular,Noto Sans Osmanya,Noto Sans Osmanya Regular,NotoSansOsmanya-Regular
/System/Library/Fonts/Supplemental/NotoSansPahawhHmong-Regular.ttf,NotoSansPahawhHmong-Regular.ttf,Valid,Noto Sans Pahawh Hmong Regular,Noto Sans Pahawh Hmong,Noto Sans Pahawh Hmong Regular,NotoSansPahawhHmong-Regular
/System/Library/Fonts/Supplemental/NotoSansPalmyrene-Regular.ttf,NotoSansPalmyrene-Regular.ttf,Valid,Noto Sans Palmyrene Regular,Noto Sans Palmyrene,Noto Sans Palmyrene Regular,NotoSansPalmyrene-Regular
/System/Library/Fonts/Supplemental/NotoSansPauCinHau-Regular.ttf,NotoSansPauCinHau-Regular.ttf,Valid,Noto Sans Pau Cin Hau Regular,Noto Sans PauCinHau,Noto Sans Pau Cin Hau Regular,NotoSansPauCinHau-Regular
/System/Library/Fonts/Supplemental/NotoSansPhagsPa-Regular.ttf,NotoSansPhagsPa-Regular.ttf,Valid,Noto Sans PhagsPa Regular,Noto Sans PhagsPa,Noto Sans PhagsPa Regular,NotoSansPhagsPa-Regular
/System/Library/Fonts/Supplemental/NotoSansPhoenician-Regular.ttf,NotoSansPhoenician-Regular.ttf,Valid,Noto Sans Phoenician Regular,Noto Sans Phoenician,Noto Sans Phoenician Regular,NotoSansPhoenician-Regular
/System/Library/Fonts/Supplemental/NotoSansPsalterPahlavi-Regular.ttf,NotoSansPsalterPahlavi-Regular.ttf,Valid,Noto Sans Psalter Pahlavi Regular,Noto Sans PsaPahlavi,Noto Sans Psalter Pahlavi Regular,NotoSansPsalterPahlavi-Regular
/System/Library/Fonts/Supplemental/NotoSansRejang-Regular.ttf,NotoSansRejang-Regular.ttf,Valid,Noto Sans Rejang Regular,Noto Sans Rejang,Noto Sans Rejang Regular,NotoSansRejang-Regular
/System/Library/Fonts/Supplemental/NotoSansSamaritan-Regular.ttf,NotoSansSamaritan-Regular.ttf,Valid,Noto Sans Samaritan Regular,Noto Sans Samaritan,Noto Sans Samaritan Regular,NotoSansSamaritan-Regular
/System/Library/Fonts/Supplemental/NotoSansSaurashtra-Regular.ttf,NotoSansSaurashtra-Regular.ttf,Valid,Noto Sans Saurashtra Regular,Noto Sans Saurashtra,Noto Sans Saurashtra Regular,NotoSansSaurashtra-Regular
/System/Library/Fonts/Supplemental/NotoSansSharada-Regular.ttf,NotoSansSharada-Regular.ttf,Valid,Noto Sans Sharada Regular,Noto Sans Sharada,Noto Sans Sharada Regular,NotoSansSharada-Regular
/System/Library/Fonts/Supplemental/NotoSansSiddham-Regular.otf,NotoSansSiddham-Regular.otf,Valid,Noto Sans Siddham Regular,Noto Sans Siddham,Noto Sans Siddham Regular,NotoSansSiddham-Regular
/System/Library/Fonts/Supplemental/NotoSansSoraSompeng-Regular.ttf,NotoSansSoraSompeng-Regular.ttf,Valid,Noto Sans Sora Sompeng Regular,Noto Sans SoraSomp,Noto Sans Sora Sompeng Regular,NotoSansSoraSompeng-Regular
/System/Library/Fonts/Supplemental/NotoSansSundanese-Regular.ttf,NotoSansSundanese-Regular.ttf,Valid,Noto Sans Sundanese Regular,Noto Sans Sundanese,Noto Sans Sundanese Regular,NotoSansSundanese-Regular
/System/Library/Fonts/Supplemental/NotoSansSylotiNagri-Regular.ttf,NotoSansSylotiNagri-Regular.ttf,Valid,Noto Sans Syloti Nagri Regular,Noto Sans Syloti Nagri,Noto Sans Syloti Nagri Regular,NotoSansSylotiNagri-Regular
/System/Library/Fonts/Supplemental/NotoSansSyriac-Regular.ttf,NotoSansSyriac-Regular.ttf,Valid,Noto Sans Syriac Regular,Noto Sans Syriac,Noto Sans Syriac Regular,NotoSansSyriac-Regular
/System/Library/Fonts/Supplemental/NotoSansTagalog-Regular.ttf,NotoSansTagalog-Regular.ttf,Valid,Noto Sans Tagalog Regular,Noto Sans Tagalog,Noto Sans Tagalog Regular,NotoSansTagalog-Regular
/System/Library/Fonts/Supplemental/NotoSansTagbanwa-Regular.ttf,NotoSansTagbanwa-Regular.ttf,Valid,Noto Sans Tagbanwa Regular,Noto Sans Tagbanwa,Noto Sans Tagbanwa Regular,NotoSansTagbanwa-Regular
/System/Library/Fonts/Supplemental/NotoSansTaiLe-Regular.ttf,NotoSansTaiLe-Regular.ttf,Valid,Noto Sans Tai Le Regular,Noto Sans Tai Le,Noto Sans Tai Le Regular,NotoSansTaiLe-Regular
/System/Library/Fonts/Supplemental/NotoSansTaiTham-Regular.ttf,NotoSansTaiTham-Regular.ttf,Valid,Noto Sans Tai Tham,Noto Sans Tai Tham,Noto Sans Tai Tham,NotoSansTaiTham
/System/Library/Fonts/Supplemental/NotoSansTaiViet-Regular.ttf,NotoSansTaiViet-Regular.ttf,Valid,Noto Sans Tai Viet Regular,Noto Sans Tai Viet,Noto Sans Tai Viet Regular,NotoSansTaiViet-Regular
/System/Library/Fonts/Supplemental/NotoSansTakri-Regular.ttf,NotoSansTakri-Regular.ttf,Valid,Noto Sans Takri Regular,Noto Sans Takri,Noto Sans Takri Regular,NotoSansTakri-Regular
/System/Library/Fonts/Supplemental/NotoSansThaana-Regular.ttf,NotoSansThaana-Regular.ttf,Valid,Noto Sans Thaana Regular,Noto Sans Thaana,Noto Sans Thaana Regular,NotoSansThaana-Regular
/System/Library/Fonts/Supplemental/NotoSansTifinagh-Regular.otf,NotoSansTifinagh-Regular.otf,Valid,Noto Sans Tifinagh Regular,Noto Sans Tifinagh,Noto Sans Tifinagh Regular,NotoSansTifinagh-Regular
/System/Library/Fonts/Supplemental/NotoSansTirhuta-Regular.ttf,NotoSansTirhuta-Regular.ttf,Valid,Noto Sans Tirhuta Regular,Noto Sans Tirhuta,Noto Sans Tirhuta Regular,NotoSansTirhuta-Regular
/System/Library/Fonts/Supplemental/NotoSansUgaritic-Regular.ttf,NotoSansUgaritic-Regular.ttf,Valid,Noto Sans Ugaritic Regular,Noto Sans Ugaritic,Noto Sans Ugaritic Regular,NotoSansUgaritic-Regular
/System/Library/Fonts/Supplemental/NotoSansVai-Regular.ttf,NotoSansVai-Regular.ttf,Valid,Noto Sans Vai Regular,Noto Sans Vai,Noto Sans Vai Regular,NotoSansVai-Regular
/System/Library/Fonts/Supplemental/NotoSansWancho-Regular.ttf,NotoSansWancho-Regular.ttf,Valid,Noto Sans Wancho Regular,Noto Sans Wancho,Noto Sans Wancho Regular,NotoSansWancho-Regular
/System/Library/Fonts/Supplemental/NotoSansWarangCiti-Regular.ttf,NotoSansWarangCiti-Regular.ttf,Valid,Noto Sans Warang Citi Regular,Noto Sans WarangCiti,Noto Sans Warang Citi Regular,NotoSansWarangCiti-Regular
/System/Library/Fonts/Supplemental/NotoSansYi-Regular.ttf,NotoSansYi-Regular.ttf,Valid,Noto Sans Yi Regular,Noto Sans Yi,Noto Sans Yi Regular,NotoSansYi-Regular
/System/Library/Fonts/Supplemental/NotoSerifAhom-Regular.ttf,NotoSerifAhom-Regular.ttf,Valid,Noto Serif Ahom Regular,Noto Serif Ahom,Noto Serif Ahom Regular,NotoSerifAhom-Regular
/System/Library/Fonts/Supplemental/NotoSerifBalinese-Regular.ttf,NotoSerifBalinese-Regular.ttf,Valid,Noto Serif Balinese Regular,Noto Serif Balinese,Noto Serif Balinese Regular,NotoSerifBalinese-Regular
/System/Library/Fonts/Supplemental/NotoSerifNyiakengPuachueHmong-Regular.ttf,NotoSerifNyiakengPuachueHmong-Regular.ttf,Valid,Noto Serif Hmong Nyiakeng Regular,Noto Serif Hmong Nyiakeng,Noto Serif Hmong Nyiakeng Regular,NotoSerifHmongNyiakeng-Regular
/Users/xiangyucheng/Library/Fonts/NotoSerifJP-VariableFont_wght.ttf,NotoSerifJP-VariableFont_wght.ttf,Valid,Noto Serif JP ExtraLight,Noto Serif JP ExtraLight,Noto Serif JP ExtraLight,NotoSerifJP-ExtraLight
/System/Library/Fonts/NotoSerifMyanmar.ttc,NotoSerifMyanmar.ttc,Valid,Noto Serif Myanmar Black,Noto Serif Myanmar Blk,Noto Serif Myanmar Black,NotoSerifMyanmar-Black
/System/Library/Fonts/Supplemental/NotoSerifYezidi-Regular.otf,NotoSerifYezidi-Regular.otf,Valid,Noto Serif Yezidi Regular,Noto Serif Yezidi,Noto Serif Yezidi Regular,NotoSerifYezidi-Regular
/System/Library/Fonts/Optima.ttc,Optima.ttc,Valid,Optima Regular,Optima,Optima Regular,Optima-Regular
/System/Library/Fonts/Supplemental/Oriya MN.ttc,Oriya MN.ttc,Valid,Oriya MN,Oriya MN,Oriya MN,OriyaMN
/System/Library/Fonts/Supplemental/Oriya Sangam MN.ttc,Oriya Sangam MN.ttc,Valid,Oriya Sangam MN,Oriya Sangam MN,Oriya Sangam MN,OriyaSangamMN
/System/Library/AssetsV2/com_apple_MobileAsset_Font8/0b5bb0a7f7e82279e049e3c943133f4b186ff8a2.asset/AssetData/Osaka.ttf,Osaka.ttf,Valid,Osaka,Osaka,Osaka,Osaka
/System/Library/AssetsV2/com_apple_MobileAsset_Font8/37b7a41df590ab4ef2d6826c6ec7c69f0fd7379f.asset/AssetData/OsakaMono.ttf,OsakaMono.ttf,Valid,Osaka-Mono,Osaka,Osaka-Mono,Osaka-Mono
/System/Library/AssetsV2/com_apple_MobileAsset_Font8/833e6cdde7e9b6be27aeb4bb26a2d25f93a6b1f7.asset/AssetData/PCmyoungjo.ttf,PCmyoungjo.ttf,Valid,PCMyungjo Regular,PCMyungjo,PCMyungjo Regular,JCsmPC
/System/Library/Fonts/Supplemental/PTMono.ttc,PTMono.ttc,Valid,PT Mono Bold,PT Mono,PT Mono Bold,PTMono-Bold
/System/Library/Fonts/Supplemental/PTSans.ttc,PTSans.ttc,Valid,PT Sans,PT Sans,PT Sans,PTSans-Regular
/System/Library/Fonts/Supplemental/PTSerif.ttc,PTSerif.ttc,Valid,PT Serif,PT Serif,PT Serif,PTSerif-Regular
/System/Library/Fonts/Supplemental/PTSerifCaption.ttc,PTSerifCaption.ttc,Valid,PT Serif Caption,PT Serif Caption,PT Serif Caption,PTSerif-Caption
/Users/xiangyucheng/Library/Fonts/FOT-PalRamuneStd-B.OTF,FOT-PalRamuneStd-B.OTF,Valid,PalRamuneStd-B,FOT-PalRamune Std B,PalRamuneStd-B,PalRamuneStd-B
/System/Library/Fonts/Palatino.ttc,Palatino.ttc,Valid,Palatino,Palatino,Palatino,Palatino-Roman
/Users/xiangyucheng/Library/Fonts/庞门正道标题体2.0增强版.ttf,庞门正道标题体2.0增强版.ttf,Valid,PangMenZhengDao,PangMenZhengDao,PangMenZhengDao,PangMenZhengDao
/System/Library/Fonts/Supplemental/Papyrus.ttc,Papyrus.ttc,Valid,Papyrus Condensed,Papyrus,Papyrus Condensed,Papyrus-Condensed
/System/Library/Fonts/Supplemental/PartyLET-plain.ttf,PartyLET-plain.ttf,Valid,Party LET Plain,Party LET,Party LET Plain,PartyLetPlain
/System/Library/Fonts/Supplemental/Phosphate.ttc,Phosphate.ttc,Valid,Phosphate Inline,Phosphate,Phosphate Inline,Phosphate-Inline
/System/Library/AssetsV2/com_apple_MobileAsset_Font8/9ea5dc040323daeddd09ec48cfe7c73fc3144368.asset/AssetData/Pilgiche.ttf,Pilgiche.ttf,Valid,PilGi Regular,PilGi,PilGi Regular,JCfg
/System/Library/AssetsV2/com_apple_MobileAsset_Font8/86ba2c91f017a3749571a82f2c6d890ac7ffb2fb.asset/AssetData/PingFang.ttc,PingFang.ttc,Valid,PingFang HK Regular,PingFang HK,PingFang HK Regular,PingFangHK-Regular
/System/Library/Fonts/Supplemental/PlantagenetCherokee.ttf,PlantagenetCherokee.ttf,Valid,Plantagenet Cherokee,Plantagenet Cherokee,Plantagenet Cherokee,PlantagenetCherokee
/Users/xiangyucheng/Library/Fonts/PottaOne-Regular.ttf,PottaOne-Regular.ttf,Valid,Potta One Regular,Potta One,Potta One Regular,PottaOne-Regular
/System/Library/Fonts/Supplemental/Raanana.ttc,Raanana.ttc,Valid,Raanana,Raanana,Raanana,Raanana
/Users/xiangyucheng/Library/Fonts/精选日文创意字体（设计字体）FOT-RocknRollStd_爱给网_aigei_com.otf,精选日文创意字体（设计字体）FOT-RocknRollStd_爱给网_aigei_com.otf,Valid,RocknRollStd-DB,FOT-RocknRoll Std DB,RocknRollStd-DB,RocknRollStd-DB
/System/Library/Fonts/Supplemental/Rockwell.ttc,Rockwell.ttc,Valid,Rockwell,Rockwell,Rockwell,Rockwell-Regular
/Users/xiangyucheng/Library/Fonts/FOT-RodinCamille Pro EB.otf,FOT-RodinCamille Pro EB.otf,Valid,RodinCamillePro-EB,FOT-RodinCamille Pro EB,RodinCamillePro-EB,RodinCamillePro-EB
/Users/xiangyucheng/Library/Fonts/FOT-RodinWanpakuPro-EB.otf,FOT-RodinWanpakuPro-EB.otf,Valid,RodinWanpakuPro-EB,FOT-RodinWanpaku Pro EB,RodinWanpakuPro-EB,RodinWanpakuPro-EB
/Users/xiangyucheng/Library/Fonts/SanJiChaoCuJiHeiJianTi-2.ttf,SanJiChaoCuJiHeiJianTi-2.ttf,Valid,SJchaocujihei Regular,SJchaocujihei,SJchaocujihei Regular,SJchaocujihei-Regular
/Users/xiangyucheng/Library/Fonts/ShangShouFangTangTi-2.ttf,ShangShouFangTangTi-2.ttf,Valid,SSFangTangTi,SSFangTangTi,SSFangTangTi,SSFangTangTi
/System/Library/AssetsV2/com_apple_MobileAsset_Font8/1b6b2f148cdf17dd0d788706c83c61ca1998c3a6.asset/AssetData/STFANGSO.ttf,STFANGSO.ttf,Valid,STFangsong,STFangsong,STFangsong,STFangsong
/System/Library/AssetsV2/com_apple_MobileAsset_Font8/53fe5be564086fefc7523ccd0a31200acf92e0e5.asset/AssetData/STHEITI.ttf,STHEITI.ttf,Valid,STHeiti,STHeiti,STHeiti,STHeiti
/System/Library/Fonts/Supplemental/STIXTwoMath.otf,STIXTwoMath.otf,Valid,STIX Two Math Regular,STIX Two Math,STIX Two Math Regular,STIXTwoMath-Regular
/System/Library/Fonts/Supplemental/STIXTwoText.ttf,STIXTwoText.ttf,Valid,STIX Two Text,STIX Two Text,STIX Two Text,STIXTwoText
/System/Library/Fonts/Supplemental/STIXTwoText-Italic.ttf,STIXTwoText-Italic.ttf,Valid,STIX Two Text Italic,STIX Two Text,STIX Two Text Italic,STIXTwoText-Italic
/System/Library/Fonts/Supplemental/STIXGeneralBol.otf,STIXGeneralBol.otf,Valid,STIXGeneral-Bold,STIXGeneral,STIXGeneral-Bold,STIXGeneral-Bold
/System/Library/Fonts/Supplemental/STIXGeneralBolIta.otf,STIXGeneralBolIta.otf,Valid,STIXGeneral-BoldItalic,STIXGeneral,STIXGeneral-BoldItalic,STIXGeneral-BoldItalic
/System/Library/Fonts/Supplemental/STIXGeneralItalic.otf,STIXGeneralItalic.otf,Valid,STIXGeneral-Italic,STIXGeneral,STIXGeneral-Italic,STIXGeneral-Italic
/System/Library/Fonts/Supplemental/STIXGeneral.otf,STIXGeneral.otf,Valid,STIXGeneral-Regular,STIXGeneral,STIXGeneral-Regular,STIXGeneral-Regular
/System/Library/Fonts/Supplemental/STIXIntDBol.otf,STIXIntDBol.otf,Valid,STIXIntegralsD-Bold,STIXIntegralsD,STIXIntegralsD-Bold,STIXIntegralsD-Bold
/System/Library/Fonts/Supplemental/STIXIntDReg.otf,STIXIntDReg.otf,Valid,STIXIntegralsD-Regular,STIXIntegralsD,STIXIntegralsD-Regular,STIXIntegralsD-Regular
/System/Library/Fonts/Supplemental/STIXIntSmBol.otf,STIXIntSmBol.otf,Valid,STIXIntegralsSm-Bold,STIXIntegralsSm,STIXIntegralsSm-Bold,STIXIntegralsSm-Bold
/System/Library/Fonts/Supplemental/STIXIntSmReg.otf,STIXIntSmReg.otf,Valid,STIXIntegralsSm-Regular,STIXIntegralsSm,STIXIntegralsSm-Regular,STIXIntegralsSm-Regular
/System/Library/Fonts/Supplemental/STIXIntUpBol.otf,STIXIntUpBol.otf,Valid,STIXIntegralsUp-Bold,STIXIntegralsUp,STIXIntegralsUp-Bold,STIXIntegralsUp-Bold
/System/Library/Fonts/Supplemental/STIXIntUpReg.otf,STIXIntUpReg.otf,Valid,STIXIntegralsUp-Regular,STIXIntegralsUp,STIXIntegralsUp-Regular,STIXIntegralsUp-Regular
/System/Library/Fonts/Supplemental/STIXIntUpDBol.otf,STIXIntUpDBol.otf,Valid,STIXIntegralsUpD-Bold,STIXIntegralsUpD,STIXIntegralsUpD-Bold,STIXIntegralsUpD-Bold
/System/Library/Fonts/Supplemental/STIXIntUpDReg.otf,STIXIntUpDReg.otf,Valid,STIXIntegralsUpD-Regular,STIXIntegralsUpD,STIXIntegralsUpD-Regular,STIXIntegralsUpD-Regular
/System/Library/Fonts/Supplemental/STIXIntUpSmBol.otf,STIXIntUpSmBol.otf,Valid,STIXIntegralsUpSm-Bold,STIXIntegralsUpSm,STIXIntegralsUpSm-Bold,STIXIntegralsUpSm-Bold
/System/Library/Fonts/Supplemental/STIXIntUpSmReg.otf,STIXIntUpSmReg.otf,Valid,STIXIntegralsUpSm-Regular,STIXIntegralsUpSm,STIXIntegralsUpSm-Regular,STIXIntegralsUpSm-Regular
/System/Library/Fonts/Supplemental/STIXNonUniBol.otf,STIXNonUniBol.otf,Valid,STIXNonUnicode-Bold,STIXNonUnicode,STIXNonUnicode-Bold,STIXNonUnicode-Bold
/System/Library/Fonts/Supplemental/STIXNonUniBolIta.otf,STIXNonUniBolIta.otf,Valid,STIXNonUnicode-BoldItalic,STIXNonUnicode,STIXNonUnicode-BoldItalic,STIXNonUnicode-BoldItalic
/System/Library/Fonts/Supplemental/STIXNonUniIta.otf,STIXNonUniIta.otf,Valid,STIXNonUnicode-Italic,STIXNonUnicode,STIXNonUnicode-Italic,STIXNonUnicode-Italic
/System/Library/Fonts/Supplemental/STIXNonUni.otf,STIXNonUni.otf,Valid,STIXNonUnicode-Regular,STIXNonUnicode,STIXNonUnicode-Regular,STIXNonUnicode-Regular
/System/Library/Fonts/Supplemental/STIXSizFiveSymReg.otf,STIXSizFiveSymReg.otf,Valid,STIXSizeFiveSym-Regular,STIXSizeFiveSym,STIXSizeFiveSym-Regular,STIXSizeFiveSym-Regular
/System/Library/Fonts/Supplemental/STIXSizFourSymBol.otf,STIXSizFourSymBol.otf,Valid,STIXSizeFourSym-Bold,STIXSizeFourSym,STIXSizeFourSym-Bold,STIXSizeFourSym-Bold
/System/Library/Fonts/Supplemental/STIXSizFourSymReg.otf,STIXSizFourSymReg.otf,Valid,STIXSizeFourSym-Regular,STIXSizeFourSym,STIXSizeFourSym-Regular,STIXSizeFourSym-Regular
/System/Library/Fonts/Supplemental/STIXSizOneSymBol.otf,STIXSizOneSymBol.otf,Valid,STIXSizeOneSym-Bold,STIXSizeOneSym,STIXSizeOneSym-Bold,STIXSizeOneSym-Bold
/System/Library/Fonts/Supplemental/STIXSizOneSymReg.otf,STIXSizOneSymReg.otf,Valid,STIXSizeOneSym-Regular,STIXSizeOneSym,STIXSizeOneSym-Regular,STIXSizeOneSym-Regular
/System/Library/Fonts/Supplemental/STIXSizThreeSymBol.otf,STIXSizThreeSymBol.otf,Valid,STIXSizeThreeSym-Bold,STIXSizeThreeSym,STIXSizeThreeSym-Bold,STIXSizeThreeSym-Bold
/System/Library/Fonts/Supplemental/STIXSizThreeSymReg.otf,STIXSizThreeSymReg.otf,Valid,STIXSizeThreeSym-Regular,STIXSizeThreeSym,STIXSizeThreeSym-Regular,STIXSizeThreeSym-Regular
/System/Library/Fonts/Supplemental/STIXSizTwoSymBol.otf,STIXSizTwoSymBol.otf,Valid,STIXSizeTwoSym-Bold,STIXSizeTwoSym,STIXSizeTwoSym-Bold,STIXSizeTwoSym-Bold
/System/Library/Fonts/Supplemental/STIXSizTwoSymReg.otf,STIXSizTwoSymReg.otf,Valid,STIXSizeTwoSym-Regular,STIXSizeTwoSym,STIXSizeTwoSym-Regular,STIXSizeTwoSym-Regular
/System/Library/Fonts/Supplemental/STIXVarBol.otf,STIXVarBol.otf,Valid,STIXVariants-Bold,STIXVariants,STIXVariants-Bold,STIXVariants-Bold
/System/Library/Fonts/Supplemental/STIXVar.otf,STIXVar.otf,Valid,STIXVariants-Regular,STIXVariants,STIXVariants-Regular,STIXVariants-Regular
/System/Library/AssetsV2/com_apple_MobileAsset_Font8/10e7a462a671950b802274fad767b566ff8457d1.asset/AssetData/STXIHEI.ttf,STXIHEI.ttf,Valid,STXihei,STHeiti,STXihei,STXihei
/System/Library/Fonts/Supplemental/Sana.ttc,Sana.ttc,Valid,Sana Regular,Sana,Sana Regular,Sana
/System/Library/Fonts/Supplemental/Sathu.ttf,Sathu.ttf,Valid,Sathu,Sathu,Sathu,Sathu
/System/Library/Fonts/Supplemental/Savoye LET.ttc,Savoye LET.ttc,Valid,Savoye LET Plain:1.0,Savoye LET,Savoye LET Plain:1.0,SavoyeLetPlain
/System/Library/Fonts/Supplemental/Seravek.ttc,Seravek.ttc,Valid,Seravek,Seravek,Seravek,Seravek
/System/Library/Fonts/Supplemental/Shree714.ttc,Shree714.ttc,Valid,Shree Devanagari 714,Shree Devanagari 714,Shree Devanagari 714,ShreeDev0714
/System/Library/Fonts/Supplemental/SignPainter.ttc,SignPainter.ttc,Valid,SignPainter-HouseScript,SignPainter-HouseScript,SignPainter-HouseScript,SignPainter-HouseScript
/System/Library/Fonts/Supplemental/Silom.ttf,Silom.ttf,Valid,Silom,Silom,Silom,Silom
/System/Library/AssetsV2/com_apple_MobileAsset_Font8/259e8f5a322e8dae602d51ac00aefb3d6b05c224.asset/AssetData/SimSong.ttc,SimSong.ttc,Valid,SimSong Regular,SimSong,SimSong Regular,SimSong-Regular
/System/Library/Fonts/Supplemental/Sinhala MN.ttc,Sinhala MN.ttc,Valid,Sinhala MN,Sinhala MN,Sinhala MN,SinhalaMN
/System/Library/Fonts/Supplemental/Sinhala Sangam MN.ttc,Sinhala Sangam MN.ttc,Valid,Sinhala Sangam MN,Sinhala Sangam MN,Sinhala Sangam MN,SinhalaSangamMN
/System/Library/Fonts/Supplemental/Skia.ttf,Skia.ttf,Valid,Skia,Skia,Skia,Skia-Regular
/Users/xiangyucheng/Library/Fonts/FOT-SkipStd-E.OTF,FOT-SkipStd-E.OTF,Valid,SkipStd-E,FOT-Skip Std E,SkipStd-E,SkipStd-E
/Users/xiangyucheng/Library/Fonts/FOT-SkipStd-L.OTF,FOT-SkipStd-L.OTF,Valid,SkipStd-L,FOT-Skip Std L,SkipStd-L,SkipStd-L
/System/Library/Fonts/Supplemental/SnellRoundhand.ttc,SnellRoundhand.ttc,Valid,Snell Roundhand,Snell Roundhand,Snell Roundhand,SnellRoundhand
/System/Library/Fonts/Supplemental/Songti.ttc,Songti.ttc,Valid,Songti SC Black,Songti SC,Songti SC Black,STSongti-SC-Black
/Users/xiangyucheng/Library/Fonts/SourceHanSansCN-Bold.otf,SourceHanSansCN-Bold.otf,Valid,Source Han Sans CN Bold Bold,Source Han Sans CN Bold,Source Han Sans CN Bold Bold,SourceHanSansCN-Bold
/Users/xiangyucheng/Library/Fonts/SourceHanSansCN-Bold_2.otf,SourceHanSansCN-Bold_2.otf,Valid,Source Han Sans CN Bold Bold,Source Han Sans CN Bold,Source Han Sans CN Bold Bold,SourceHanSansCN-Bold
/Users/xiangyucheng/Library/Fonts/SourceHanSansCN-ExtraLight.otf,SourceHanSansCN-ExtraLight.otf,Valid,Source Han Sans CN ExtraLight,Source Han Sans CN ExtraLight,Source Han Sans CN ExtraLight,SourceHanSansCN-ExtraLight
/Users/xiangyucheng/Library/Fonts/思源黑体 CN Heavy.otf,思源黑体 CN Heavy.otf,Valid,Source Han Sans CN Heavy,Source Han Sans CN Heavy,Source Han Sans CN Heavy,SourceHanSansCN-Heavy
/Users/xiangyucheng/Library/Fonts/SourceHanSansCN-Light.otf,SourceHanSansCN-Light.otf,Valid,Source Han Sans CN Light,Source Han Sans CN Light,Source Han Sans CN Light,SourceHanSansCN-Light
/Users/xiangyucheng/Library/Fonts/SourceHanSansCN-Medium.otf,SourceHanSansCN-Medium.otf,Valid,Source Han Sans CN Medium,Source Han Sans CN Medium,Source Han Sans CN Medium,SourceHanSansCN-Medium
/Users/xiangyucheng/Library/Fonts/SourceHanSansCN-Normal.otf,SourceHanSansCN-Normal.otf,Valid,Source Han Sans CN Normal,Source Han Sans CN Normal,Source Han Sans CN Normal,SourceHanSansCN-Normal
/Users/xiangyucheng/Library/Fonts/SourceHanSansCN-Regular.otf,SourceHanSansCN-Regular.otf,Valid,Source Han Sans CN Regular,Source Han Sans CN Regular,Source Han Sans CN Regular,SourceHanSansCN-Regular
/Users/xiangyucheng/Library/Fonts/SourceHanSansHWSC-Bold.otf,SourceHanSansHWSC-Bold.otf,Valid,Source Han Sans HW SC Bold,Source Han Sans HW SC Bold,Source Han Sans HW SC Bold,SourceHanSansHWSC-Bold
/Users/xiangyucheng/Library/Fonts/SourceHanSansSC-Heavy-2.otf,SourceHanSansSC-Heavy-2.otf,Valid,Source Han Sans SC Heavy,Source Han Sans SC Heavy,Source Han Sans SC Heavy,SourceHanSansSC-Heavy
/System/Library/Fonts/Supplemental/SukhumvitSet.ttc,SukhumvitSet.ttc,Valid,SukhumvitSet-Thin,Sukhumvit Set,SukhumvitSet-Thin,SukhumvitSet-Thin
/System/Library/Fonts/Supplemental/SuperClarendon.ttc,SuperClarendon.ttc,Valid,Superclarendon Regular,Superclarendon,Superclarendon Regular,Superclarendon-Regular
/System/Library/Fonts/Symbol.ttf,Symbol.ttf,Valid,Symbol,Symbol,Symbol,Symbol
/System/Library/Fonts/SFNS.ttf,SFNS.ttf,Valid,System Font,System Font,System Font,.SFNS-Regular
/System/Library/Fonts/SFNSItalic.ttf,SFNSItalic.ttf,Valid,System Font Regular Italic,System Font,System Font Regular Italic,.SFNS-RegularItalic
/System/Library/Fonts/Supplemental/Tahoma.ttf,Tahoma.ttf,Valid,Tahoma,Tahoma,Tahoma,Tahoma
/System/Library/Fonts/Supplemental/Tahoma Bold.ttf,Tahoma Bold.ttf,Valid,Tahoma Bold,Tahoma,Tahoma Bold,Tahoma-Bold
/Users/xiangyucheng/Library/Fonts/Tamanegi_Geki.ttf,Tamanegi_Geki.ttf,Valid,Tamanegi_Geki,Tamanegi_Geki,Tamanegi_Geki,Tamanegi_Geki
/System/Library/Fonts/Supplemental/Tamil MN.ttc,Tamil MN.ttc,Valid,Tamil MN,Tamil MN,Tamil MN,TamilMN
/System/Library/Fonts/Supplemental/Tamil Sangam MN.ttc,Tamil Sangam MN.ttc,Valid,Tamil Sangam MN,Tamil Sangam MN,Tamil Sangam MN,TamilSangamMN
/Users/xiangyucheng/Library/Fonts/texgyretermes-math.otf,texgyretermes-math.otf,Valid,TeXGyreTermesMath-Regular,TeX Gyre Termes Math,TeXGyreTermesMath-Regular,TeXGyreTermesMath-Regular
/System/Library/Fonts/Supplemental/Telugu MN.ttc,Telugu MN.ttc,Valid,Telugu MN,Telugu MN,Telugu MN,TeluguMN
/System/Library/Fonts/Supplemental/Telugu Sangam MN.ttc,Telugu Sangam MN.ttc,Valid,Telugu Sangam MN,Telugu Sangam MN,Telugu Sangam MN,TeluguSangamMN
/System/Library/Fonts/Supplemental/Thonburi.ttc,Thonburi.ttc,Valid,Thonburi,Thonburi,Thonburi,Thonburi
/System/Library/Fonts/Supplemental/Times New Roman.ttf,Times New Roman.ttf,Valid,Times New Roman,Times New Roman,Times New Roman,TimesNewRomanPSMT
/System/Library/Fonts/Supplemental/Times New Roman Bold.ttf,Times New Roman Bold.ttf,Valid,Times New Roman Bold,Times New Roman,Times New Roman Bold,TimesNewRomanPS-BoldMT
/System/Library/Fonts/Supplemental/Times New Roman Bold Italic.ttf,Times New Roman Bold Italic.ttf,Valid,Times New Roman Bold Italic,Times New Roman,Times New Roman Bold Italic,TimesNewRomanPS-BoldItalicMT
/System/Library/Fonts/Supplemental/Times New Roman Italic.ttf,Times New Roman Italic.ttf,Valid,Times New Roman Italic,Times New Roman,Times New Roman Italic,TimesNewRomanPS-ItalicMT
/System/Library/Fonts/Times.ttc,Times.ttc,Valid,Times Roman,Times,Times Roman,Times-Roman
/System/Library/AssetsV2/com_apple_MobileAsset_Font8/7a4aca403fc9a901dcfe5e71131b423d71231eec.asset/AssetData/ToppanBunkyuGothicPr6N.ttc,ToppanBunkyuGothicPr6N.ttc,Valid,Toppan Bunkyu Gothic Demibold,Toppan Bunkyu Gothic Regular,Toppan Bunkyu Gothic Demibold,ToppanBunkyuGothicPr6N-DB
/System/Library/AssetsV2/com_apple_MobileAsset_Font8/c6dd5dda81ed310c2248630a4e62f4fd71316d91.asset/AssetData/ToppanBunkyuMidashiGothicStdN-ExtraBold.otf,ToppanBunkyuMidashiGothicStdN-ExtraBold.otf,Valid,Toppan Bunkyu Midashi Gothic Extrabold,Toppan Bunkyu Midashi Gothic Extrabold,Toppan Bunkyu Midashi Gothic Extrabold,ToppanBunkyuMidashiGothicStdN-ExtraBold
/System/Library/AssetsV2/com_apple_MobileAsset_Font8/36a81f2dad2ef266c50802d85839e0201fcf4e57.asset/AssetData/ToppanBunkyuMidashiMinchoStdN-ExtraBold.otf,ToppanBunkyuMidashiMinchoStdN-ExtraBold.otf,Valid,Toppan Bunkyu Midashi Mincho Extrabold,Toppan Bunkyu Midashi Mincho Extrabold,Toppan Bunkyu Midashi Mincho Extrabold,ToppanBunkyuMidashiMinchoStdN-ExtraBold
/System/Library/AssetsV2/com_apple_MobileAsset_Font8/a35803b18dea500ee1e426f403635efbe5a84bd4.asset/AssetData/ToppanBunkyuMinchoPr6N-Regular.otf,ToppanBunkyuMinchoPr6N-Regular.otf,Valid,Toppan Bunkyu Mincho Regular,Toppan Bunkyu Mincho Regular,Toppan Bunkyu Mincho Regular,ToppanBunkyuMinchoPr6N-Regular
/System/Library/Fonts/Supplemental/Trattatello.ttf,Trattatello.ttf,Valid,Trattatello,Trattatello,Trattatello,Trattatello
/System/Library/Fonts/Supplemental/Trebuchet MS.ttf,Trebuchet MS.ttf,Valid,Trebuchet MS,Trebuchet MS,Trebuchet MS,TrebuchetMS
/System/Library/Fonts/Supplemental/Trebuchet MS Bold.ttf,Trebuchet MS Bold.ttf,Valid,Trebuchet MS Bold,Trebuchet MS,Trebuchet MS Bold,TrebuchetMS-Bold
/System/Library/Fonts/Supplemental/Trebuchet MS Bold Italic.ttf,Trebuchet MS Bold Italic.ttf,Valid,Trebuchet MS Bold Italic,Trebuchet MS,Trebuchet MS Bold Italic,Trebuchet-BoldItalic
/System/Library/Fonts/Supplemental/Trebuchet MS Italic.ttf,Trebuchet MS Italic.ttf,Valid,Trebuchet MS Italic,Trebuchet MS,Trebuchet MS Italic,TrebuchetMS-Italic
/System/Library/AssetsV2/com_apple_MobileAsset_Font8/a9507b2dd1e57ecf7dc3a2fe25e8abfef12973ad.asset/AssetData/TsukushiAMaruGothic.ttc,TsukushiAMaruGothic.ttc,Valid,Tsukushi A Round Gothic Regular,Tsukushi A Round Gothic Regular,Tsukushi A Round Gothic Regular,TsukuARdGothic-Regular
/System/Library/AssetsV2/com_apple_MobileAsset_Font8/60484a5d6f3fa8d51dcbeff43b7e70c9d42bcd2f.asset/AssetData/TsukushiBMaruGothic.ttc,TsukushiBMaruGothic.ttc,Valid,Tsukushi B Round Gothic Regula,Tsukushi B Round Gothic Regular,Tsukushi B Round Gothic Regula,TsukuBRdGothic-Regular
/System/Library/Fonts/Supplemental/Verdana.ttf,Verdana.ttf,Valid,Verdana,Verdana,Verdana,Verdana
/System/Library/Fonts/Supplemental/Verdana Bold.ttf,Verdana Bold.ttf,Valid,Verdana Bold,Verdana,Verdana Bold,Verdana-Bold
/System/Library/Fonts/Supplemental/Verdana Bold Italic.ttf,Verdana Bold Italic.ttf,Valid,Verdana Bold Italic,Verdana,Verdana Bold Italic,Verdana-BoldItalic
/System/Library/Fonts/Supplemental/Verdana Italic.ttf,Verdana Italic.ttf,Valid,Verdana Italic,Verdana,Verdana Italic,Verdana-Italic
/System/Library/Fonts/Supplemental/Waseem.ttc,Waseem.ttc,Valid,Waseem Regular,Waseem,Waseem Regular,Waseem
/System/Library/AssetsV2/com_apple_MobileAsset_Font8/37618f984b05fb22375ca0987912653aba363389.asset/AssetData/WawaSC-Regular.otf,WawaSC-Regular.otf,Valid,Wawati SC Regular,Wawati SC,Wawati SC Regular,DFWaWaSC-W5
/System/Library/AssetsV2/com_apple_MobileAsset_Font8/9f4afe404b767c06554b8b78551e10e92f695147.asset/AssetData/WawaTC-Regular.otf,WawaTC-Regular.otf,Valid,Wawati TC Regular,Wawati TC,Wawati TC Regular,DFWaWaTC-W5
/System/Library/Fonts/Supplemental/Webdings.ttf,Webdings.ttf,Valid,Webdings,Webdings,Webdings,Webdings
/System/Library/AssetsV2/com_apple_MobileAsset_Font8/c745f84f5eb15b1f594d3769dc86146fccee61ff.asset/AssetData/WeibeiSC-Bold.otf,WeibeiSC-Bold.otf,Valid,Weibei SC Bold,Weibei SC,Weibei SC Bold,WeibeiSC-Bold
/System/Library/AssetsV2/com_apple_MobileAsset_Font8/c4f5f063cf47a2009786f645b423c09ea75666b8.asset/AssetData/WeibeiTC-Bold.otf,WeibeiTC-Bold.otf,Valid,Weibei TC Bold,Weibei TC Bold,Weibei TC Bold,WeibeiTC-Bold
/System/Library/Fonts/Supplemental/Wingdings.ttf,Wingdings.ttf,Valid,Wingdings,Wingdings,Wingdings,Wingdings-Regular
/System/Library/Fonts/Supplemental/Wingdings 2.ttf,Wingdings 2.ttf,Valid,Wingdings 2,Wingdings 2,Wingdings 2,Wingdings2
/System/Library/Fonts/Supplemental/Wingdings 3.ttf,Wingdings 3.ttf,Valid,Wingdings 3,Wingdings 3,Wingdings 3,Wingdings3
/System/Library/AssetsV2/com_apple_MobileAsset_Font8/13b8ce423f920875b28b551f9406bf1014e0a656.asset/AssetData/Xingkai.ttc,Xingkai.ttc,Valid,Xingkai SC Bold,Xingkai SC,Xingkai SC Bold,STXingkaiSC-Bold
/System/Library/AssetsV2/com_apple_MobileAsset_Font8/b7a6a6575a699e801915b73b9e1e75c74a3404ce.asset/AssetData/YuGothic-Bold.otf,YuGothic-Bold.otf,Valid,YuGothic Bold,YuGothic Bold,YuGothic Bold,YuGo-Bold
/System/Library/AssetsV2/com_apple_MobileAsset_Font8/ee89e7987a76cc8cfdff36c96bd7bc77655b343e.asset/AssetData/YuGothic-Medium.otf,YuGothic-Medium.otf,Valid,YuGothic Medium,YuGothic Medium,YuGothic Medium,YuGo-Medium
/System/Library/AssetsV2/com_apple_MobileAsset_Font8/2b7cea021df336d26a89f699c8469a51c721e9a2.asset/AssetData/Kyokasho.ttc,Kyokasho.ttc,Valid,YuKyokasho Yoko Medium,YuKyokasho Yoko,YuKyokasho Yoko Medium,YuKyo_Yoko-Medium
/System/Library/AssetsV2/com_apple_MobileAsset_Font8/99517f5220d46dff05d0dbb2a22d0036afefb089.asset/AssetData/YuMincho.ttc,YuMincho.ttc,Valid,YuMincho Medium,YuMincho Medium,YuMincho Medium,YuMin-Medium
/System/Library/AssetsV2/com_apple_MobileAsset_Font8/4a418d1fa4860652a3241e8ee457806c8557fc64.asset/AssetData/Yuanti.ttc,Yuanti.ttc,Valid,Yuanti SC Regular,Yuanti SC,Yuanti SC Regular,STYuanti-SC-Regular
/System/Library/AssetsV2/com_apple_MobileAsset_Font8/b860c3b445cd974141686f9fcfee362886d80bd9.asset/AssetData/YuppySC-Regular.otf,YuppySC-Regular.otf,Valid,Yuppy SC Regular,Yuppy SC,Yuppy SC Regular,YuppySC-Regular
/System/Library/AssetsV2/com_apple_MobileAsset_Font8/ac5cfaf67b84566ed61f464ef9820d3d59d18bf0.asset/AssetData/YuppyTC-Regular.otf,YuppyTC-Regular.otf,Valid,Yuppy TC Regular,Yuppy TC,Yuppy TC Regular,YuppyTC-Regular
/Users/xiangyucheng/Library/Fonts/fot-yuruka-std.ttf,fot-yuruka-std.ttf,Valid,YurukaStd-UB,FOT-Yuruka Std UB,YurukaStd-UB,YurukaStd-UB
/System/Library/Fonts/ZapfDingbats.ttf,ZapfDingbats.ttf,Valid,Zapf Dingbats,Zapf Dingbats,Zapf Dingbats,ZapfDingbatsITC
/System/Library/Fonts/Supplemental/Zapfino.ttf,Zapfino.ttf,Valid,Zapfino,Zapfino,Zapfino,Zapfino
/Users/xiangyucheng/Library/Fonts/iFonts航天筑梦体(商用需授权).ttf,iFonts航天筑梦体(商用需授权).ttf,Valid,iFontsHTZMT_T,iFontsHTZMT_T,iFontsHTZMT_T,iFontsHTZMT_T
/Users/xiangyucheng/Library/Fonts/id-ftmaru400a-2.ttf,id-ftmaru400a-2.ttf,Valid,id-POP_FTMARU,id-POP_FTMARU,id-POP_FTMARU,id-POP_FTMARU
/Users/xiangyucheng/Library/Fonts/pandabakery.ttf,pandabakery.ttf,Valid,panda bakery,panda bakery,panda bakery,pandabakery
/Users/xiangyucheng/Library/Fonts/叶立群几何常规体粗.ttf,叶立群几何常规体粗.ttf,Valid,yeliqunjihecanguiti,yeliqunjihecanguiti,yeliqunjihecanguiti,YLQJHCGTC
/Users/xiangyucheng/Library/Fonts/ZiHunDaRuHei(ShangYongXuShouQuan)-2.ttf,ZiHunDaRuHei(ShangYongXuShouQuan)-2.ttf,Valid,zihundaruhei_trial,zihundaruhei_trial,zihundaruhei_trial,zihundaruhei_trial
/Users/xiangyucheng/Library/Fonts/字魂海马体字体(商用需授权).ttf,字魂海马体字体(商用需授权).ttf,Valid,zihunhaimatiziti_T,zihunhaimatiziti_T,zihunhaimatiziti_T,zihunhaimatiziti_T
/Users/xiangyucheng/Library/Fonts/字魂头号玩家(商用需授权).ttf,字魂头号玩家(商用需授权).ttf,Valid,zihuntouhaowanjia,zihuntouhaowanjia,zihuntouhaowanjia,zihun444hao-touhaowanjia-Regular
/Users/xiangyucheng/Library/Fonts/字魂学士黑(商用需授权).ttf,字魂学士黑(商用需授权).ttf,Valid,zihunxueshihei_trial,zihunxueshihei_trial,zihunxueshihei_trial,zihunxueshihei_trial
/Users/xiangyucheng/Library/Fonts/HanYiChaoCuSongJian-1.ttf,HanYiChaoCuSongJian-1.ttf,Valid,汉仪超粗宋简,汉仪超粗宋简,汉仪超粗宋简,HYa0gj
/Users/xiangyucheng/Library/Fonts/HanYiChaoCuHeiJian-1.ttf,HanYiChaoCuHeiJian-1.ttf,Valid,汉仪超粗黑简,汉仪超粗黑简,汉仪超粗黑简,HYb0gj
/Users/xiangyucheng/Library/Fonts/汉鼎简特粗黑.ttf,汉鼎简特粗黑.ttf,Valid,汉鼎简特粗黑,汉鼎简特粗黑,汉鼎简特粗黑,handingjiantecuhei
/Users/xiangyucheng/Library/Fonts/QingSongShouXieTi2-2.ttf,QingSongShouXieTi2-2.ttf,Valid,清松手寫體2,清松手寫體2,清松手寫體2,JasonWriting2
/Users/xiangyucheng/Library/Fonts/郑庆科黄油体（完美曲线版需购买授权）.ttf,郑庆科黄油体（完美曲线版需购买授权）.ttf,Valid,郑庆科黄油体Regular,郑庆科黄油体Regular,郑庆科黄油体Regular,郑庆科黄油体Regular
/Users/xiangyucheng/Library/Fonts/GongFanLeTaoTi-2.ttf,GongFanLeTaoTi-2.ttf,Valid,龚帆乐淘体,gongfanletaoti,龚帆乐淘体,gongfanletaoti
